Column1;Column2;Helyiség;Total_car_count;car_count_less_than_10_years
Kereskedés neve;URL;Budapest;;
555 autó;/partner/555_auto-16834;Budapest;;
A 111 Autó;/partner/a_111_auto-9972;Budapest;;
A Ba-Ro Autókereskedés;/partner/a_ba-ro_autokereskedes-11402;Budapest;;
A Kedvenc;/partner/a_kedvenc-10304;Budapest;;
A MEGBÍZHATÓ Kereskedésem Kft.;/partner/a_megbizhato_kereskedesem_kft-16587;Budapest;;
A-Z Autókereskedés;/partner/a-z_autokereskedes-10126;Budapest;;
A.T.B. Kft.;/partner/atb_kft-386;Budapest;;
A'P'R Autóudvar Group Kft.;/partner/apr_autoudvar_group_kft-13892;Budapest;;
ÁBL Autópark;/partner/abl_autopark-1317;Budapest;;
Abszolút Autó Budapest;/partner/abszolut_auto_budapest-16082;Budapest;;
Aero-Car;/partner/aero-car-25;Budapest;;
AGR Auto Kft.;/partner/agr_auto_kft-41;Budapest;;
AIR RENT Kft.;/partner/air_rent_kft-19718;Budapest;;
Akadalymentesautok;/partner/akadalymentesautok-19076;Budapest;;
Alba7 Autóudvar;/partner/alba7_autoudvar-13269;Budapest;;
All Car;/partner/all_car-13482;Budapest;;
Alpár Autó Autókereskedés;/partner/alpar_auto_autokereskedes-18205;Budapest;;
Andres Car Kft.;/partner/andres_car_kft-19472;Budapest;;
Ari-Car Kft;/partner/ari-car_kft-1015;Budapest;;
ARIEL;/partner/ariel-18728;Budapest;;
Artik 98 Kft.;/partner/artik_98_kft-203;Budapest;;
ASK Mobil Kft.;/partner/ask_mobil_kft-13059;Budapest;;
Aston Martin Budapest;/partner/aston_martin_budapest-17108;Budapest;;
ATH MOTO SPORT Kft.;/partner/ath_moto_sport_kft-19350;Budapest;;
ATKHELP s.r.o.;/partner/atkhelp_sro-19625;Budapest;;
Atrium Autó;/partner/atrium_auto-3109;Budapest;;
ATT Kft.;/partner/att_kft-3618;Budapest;;
Auto 26;/partner/auto_26-17481;Budapest;;
Auto Bravo 2002 Kft.;/partner/auto_bravo_2002_kft-17495;Budapest;;
Autó Derzbach;/partner/auto_derzbach-14083;Budapest;;
Auto Elegance;/partner/auto_elegance-51;Budapest;;
Autó Everest Kft.;/partner/auto_everest_kft-172;Budapest;;
AUTO EXXPO;/partner/auto_exxpo-382;Budapest;;
Autó Gobuda;/partner/auto_gobuda-18319;Budapest;;
AUTO HOUSE Kft.;/partner/auto_house_kft-351;Budapest;;
Autó Inter Trans Kft.;/partner/auto_inter_trans_kft-154;Budapest;;
Autó Mobil Park Kft.;/partner/auto_mobil_park_kft-19663;Budapest;;
Autó Néro Kelenföld Kft.;/partner/auto_nero_kelenfold_kft-104;Budapest;;
Auto Palace Buda;/partner/auto_palace_buda-8543;Budapest;;
Auto Palace Buda használtautó értékesítés;/partner/auto_palace_buda_hasznaltauto_ertekesites-17412;Budapest;;
Auto Palace Buda Szalon;/partner/auto_palace_buda_szalon-10509;Budapest;;
Auto Palace Délpest - Használtautó értékesítés;/partner/auto_palace_delpest_-_hasznaltauto_ertekesites-5507;Budapest;;
Auto Palace Délpest - Opel;/partner/auto_palace_delpest_-_opel-5508;Budapest;;
Auto Palace Délpest- Hyundai;/partner/auto_palace_delpest-_hyundai-17490;Budapest;;
Auto Park Maxabo;/partner/auto_park_maxabo-682;Budapest;;
Auto Rusznak Kft;/partner/auto_rusznak_kft-17663;Budapest;;
Auto Side;/partner/auto_side-178;Budapest;;
Auto Trust Kft.;/partner/auto_trust_kft-10516;Budapest;;
Autó Újpest Kft.;/partner/auto_ujpest_kft-94;Budapest;;
Auto Veritas;/partner/auto_veritas-3502;Budapest;;
Autó West Wind Kft.;/partner/auto_west_wind_kft-105;Budapest;;
Auto-329 Kft.;/partner/auto-329_kft-6743;Budapest;;
Auto-Box;/partner/auto-box-28;Budapest;;
Auto-hold;/partner/auto-hold-7881;Budapest;;
Autó-Quartett Kft.;/partner/auto-quartett_kft-38;Budapest;;
Autó-Trió 3000 Kft.;/partner/auto-trio_3000_kft-122;Budapest;;
Autó-Universum Kft.;/partner/auto-universum_kft-615;Budapest;;
Autócentrum M3-M0;/partner/autocentrum_m3-m0-19066;Budapest;;
Autócentrum Római;/partner/autocentrum_romai-406;Budapest;;
AUTÓCENTRUM Szabó Kft. (kieg2);/partner/autocentrum_szabo_kft_kieg2-20258;Budapest;;
Autócentrum16;/partner/autocentrum16-18820;Budapest;;
Autofin Kft.;/partner/autofin_kft-14619;Budapest;;
Autofix.hu Kft;/partner/autofixhu_kft-16138;Budapest;;
Autóház Rental Kft.;/partner/autohaz_rental_kft-18994;Budapest;;
Autók Csepelen;/partner/autok_csepelen-10611;Budapest;;
Autók Tere Kft.;/partner/autok_tere_kft-482;Budapest;;
Autóker Zala Kft.;/partner/autoker_zala_kft-457;Budapest;;
Autoline Kft.;/partner/autoline_kft-16705;Budapest;;
Automobil Online Kft.;/partner/automobil_online_kft-17964;Budapest;;
AUTÓPARK ÜLLŐI ÚT;/partner/autopark_ulloi_ut-500;Budapest;;
Autopont 24;/partner/autopont_24-20138;Budapest;;
Autópont Budaörs;/partner/autopont_budaors-18643;Budapest;;
Autosarok-Dealer Kft.;/partner/autosarok-dealer_kft-10660;Budapest;;
Autosprinter Kft.;/partner/autosprinter_kft-19571;Budapest;;
Autószalon Duna - Opel Duna;/partner/autoszalon_duna_-_opel_duna-211;Budapest;;
Autószalon Duna - Suzuki Duna;/partner/autoszalon_duna_-_suzuki_duna-20136;Budapest;;
Autószalon Duna - Új;/partner/autoszalon_duna_-_uj-6929;Budapest;;
B-MAX CAR Kft.;/partner/b-max_car_kft-13991;Budapest;;
B.Ferenc E.V.;/partner/bferenc_ev-19990;Budapest;;
B.G. Mobile;/partner/bg_mobile-6431;Budapest;;
B.ZS.V. Kft.;/partner/bzsv_kft-16956;Budapest;;
Babarczy-Car;/partner/babarczy-car-16035;Budapest;;
BALAZZA Kft.;/partner/balazza_kft-20221;Budapest;;
Balla Autó Kft.;/partner/balla_auto_kft-19660;Budapest;;
Balogh-Mobil Kft.;/partner/balogh-mobil_kft-3740;Budapest;;
Baptista Szeretetszolgálat;/partner/baptista_szeretetszolgalat-19602;Budapest;;
Barbul Bt. Smart és más használtautók;/partner/barbul_bt_smart_es_mas_hasznaltautok-3010;Budapest;;
Baross Car;/partner/baross_car-11124;Budapest;;
Baumgartner Autócentrum Kft.;/partner/baumgartner_autocentrum_kft-6681;Budapest;;
Baumgartner Autócentrum Kft.;/partner/baumgartner_autocentrum_kft-17591;Budapest;;
Bavaria Hungary;/partner/bavaria_hungary-18242;Budapest;;
Bayer Flotta;/partner/bayer_flotta-19354;Budapest;;
Bayliner;/partner/bayliner-11373;Budapest;;
Be Shark Kft.;/partner/be_shark_kft-19045;Budapest;;
Béci Mobile Kft.;/partner/beci_mobile_kft-16818;Budapest;;
Bécsi Autópark Kft.;/partner/becsi_autopark_kft-428;Budapest;;
Bécsi Autópark Kft. Pest;/partner/becsi_autopark_kft_pest-19469;Budapest;;
Benelux Autók;/partner/benelux_autok-3458;Budapest;;
Beni Cars;/partner/beni_cars-16774;Budapest;;
Bentley Budapest & Lamborghini Budapest;/partner/bentley_budapest_lamborghini_budapest-20143;Budapest;;
Bentley Budapest & Lamborghini Budapest Új autók;/partner/bentley_budapest_lamborghini_budapest_uj_autok-20029;Budapest;;
Berényi és Társa Kft.;/partner/berenyi_es_tarsa_kft-2244;Budapest;;
Best Auto Invest Kft.;/partner/best_auto_invest_kft-20309;Budapest;;
Best Style Courier Kft;/partner/best_style_courier_kft-16107;Budapest;;
BestCars Trade Kft.;/partner/bestcars_trade_kft-16880;Budapest;;
BESTRENT Kft.;/partner/bestrent_kft-19800;Budapest;;
BG Tech Kft;/partner/bg_tech_kft-20008;Budapest;;
Bimpi-Car Kft.;/partner/bimpi-car_kft-3222;Budapest;;
Bingó-Autópark;/partner/bingo-autopark-1533;Budapest;;
Bio Build Kft;/partner/bio_build_kft-19033;Budapest;;
BirdieGroup Magyarország;/partner/birdiegroup_magyarorszag-19424;Budapest;;
Biztospont Autó Kft.;/partner/biztospont_auto_kft-19549;Budapest;;
BKM Nonprofit Zrt.;/partner/bkm_nonprofit_zrt-19013;Budapest;;
Black Cars;/partner/black_cars-16983;Budapest;;
BLP Group-Boating Luxury Performance;/partner/blp_group-boating_luxury_performance-19290;Budapest;;
Bluebox Global Kft.;/partner/bluebox_global_kft-217;Budapest;;
Bm Cars Hungary Kft.;/partner/bm_cars_hungary_kft-20223;Budapest;;
BMW Budapest Motors;/partner/bmw_budapest_motors-2140;Budapest;;
Borguben Kft.;/partner/borguben_kft-19935;Budapest;;
Boroden Auto Kft.;/partner/boroden_auto_kft-20314;Budapest;;
Boros Szabó Trade Kft;/partner/boros_szabo_trade_kft-17749;Budapest;;
Brand Automobile Kft.;/partner/brand_automobile_kft-16246;Budapest;;
Bravoauto szalon & szervíz;/partner/bravoauto_szalon_szerviz-1040;Budapest;;
Breki Car;/partner/breki_car-17249;Budapest;;
Brian James Trailers;/partner/brian_james_trailers-14528;Budapest;;
Brillant Kft.;/partner/brillant_kft-1554;Budapest;;
Broker-Rent;/partner/broker-rent-3603;Budapest;;
Broker-Rent Kft.;/partner/broker-rent_kft-15891;Budapest;;
Bubics Car Trade;/partner/bubics_car_trade-17230;Budapest;;
Budaauto;/partner/budaauto-780;Budapest;;
Budafok Autó;/partner/budafok_auto-15402;Budapest;;
Budamobil 2008 Kft.;/partner/budamobil_2008_kft-18672;Budapest;;
Budaörsautó;/partner/budaorsauto-16674;Budapest;;
Budapest Autó;/partner/budapest_auto-7470;Budapest;;
Budapest Autóház Kft.;/partner/budapest_autohaz_kft-5307;Budapest;;
Budapest Motors BMW és MINI;/partner/budapest_motors_bmw_es_mini-10405;Budapest;;
Bur-Comp Bt.;/partner/bur-comp_bt-19040;Budapest;;
BYD Schiller;/partner/byd_schiller-9135;Budapest;;
BYD Schiller Etele Plaza;/partner/byd_schiller_etele_plaza-20079;Budapest;;
BZ-Autó Trading Kft;/partner/bz-auto_trading_kft-20116;Budapest;;
BZS AUTÓPARK;/partner/bzs_autopark-19730;Budapest;;
BZsK Car;/partner/bzsk_car-19477;Budapest;;
Car 4 U;/partner/car_4_u-14264;Budapest;;
Car Assistance;/partner/car_assistance-20021;Budapest;;
Car BnB Autókereskedés;/partner/car_bnb_autokereskedes-15580;Budapest;;
Car Selection Plusz;/partner/car_selection_plusz-16529;Budapest;;
Car-Sale Hungary Kft.;/partner/car-sale_hungary_kft-10775;Budapest;;
Car-Van Kft.;/partner/car-van_kft-19872;Budapest;;
Car-World Kft.;/partner/car-world_kft-1426;Budapest;;
Carflow;/partner/carflow-19465;Budapest;;
Cargus;/partner/cargus-19919;Budapest;;
Carimmo-Box;/partner/carimmo-box-14970;Budapest;;
Carimpex Motorcentrum;/partner/carimpex_motorcentrum-17360;Budapest;;
CarLink Plus Kft.;/partner/carlink_plus_kft-20064;Budapest;;
"CarNet Auto-Fort - Chery; Bp., XXI.";/partner/carnet_auto-fort_-_chery_bp_xxi-15108;Budapest;;
"CarNet Auto-Fort - Ford, Chery; Bp., XXI.";/partner/carnet_auto-fort_-_ford_chery_bp_xxi-16081;Budapest;;
"CarNet Auto-Fort - Ford, Hyundai, Suzuki; Bp., IV.";/partner/carnet_auto-fort_-_ford_hyundai_suzuki_bp_iv-12008;Budapest;;
"CarNet Auto-Fort - Ford; Bp., IX";/partner/carnet_auto-fort_-_ford_bp_ix-10141;Budapest;;
"CarNet Auto-Fort - MG; Bp., XXI.";/partner/carnet_auto-fort_-_mg_bp_xxi-20297;Budapest;;
"CarNet Auto-Fort - Nissan, MG; Bp., XXI.";/partner/carnet_auto-fort_-_nissan_mg_bp_xxi-16822;Budapest;;
"CarNet Auto-Fort; Bp., XXI";/partner/carnet_auto-fort_bp_xxi-5935;Budapest;;
"CarNet Mirai - Mazda; Bp., XI.";/partner/carnet_mirai_-_mazda_bp_xi-11111;Budapest;;
"CarNet Mirai; Bp., XI.";/partner/carnet_mirai_bp_xi-6237;Budapest;;
Carnetfleet Kft.;/partner/carnetfleet_kft-17929;Budapest;;
"CarNetM5 - Toyota; Bp., IX.";/partner/carnetm5_-_toyota_bp_ix-3182;Budapest;;
"CarNetM5; Bp., IX";/partner/carnetm5_bp_ix-6007;Budapest;;
CarPáti Kft.;/partner/carpati_kft-6273;Budapest;;
Carpellino;/partner/carpellino-12661;Budapest;;
Cars & Care driven by Business Lease;/partner/cars_care_driven_by_business_lease-5867;Budapest;;
CARSALES AGENCY;/partner/carsales_agency-20235;Budapest;;
Cartarget;/partner/cartarget-17857;Budapest;;
Cartis Flottakezelő Kft.;/partner/cartis_flottakezelo_kft-15843;Budapest;;
CarZone - Minőségi használt autók;/partner/carzone_-_minosegi_hasznalt_autok-17900;Budapest;;
Cattanicar Kft.;/partner/cattanicar_kft-15142;Budapest;;
Cayman autóudvar;/partner/cayman_autoudvar-19383;Budapest;;
CE Dynamic Kft.;/partner/ce_dynamic_kft-19455;Budapest;;
Centrum Car;/partner/centrum_car-16522;Budapest;;
Chery Centrum;/partner/chery_centrum-19839;Budapest;;
Cilike Autó;/partner/cilike_auto-10891;Budapest;;
Citroen M5 Center;/partner/citroen_m5_center-2520;Budapest;;
Clever Auto Kft.;/partner/clever_auto_kft-20102;Budapest;;
CODEFON-SOLAR Kft.;/partner/codefon-solar_kft-17880;Budapest;;
Colar car;/partner/colar_car-19039;Budapest;;
Color Top Bt.;/partner/color_top_bt-6291;Budapest;;
Colosseum Auto;/partner/colosseum_auto-16788;Budapest;;
CONOR CARS;/partner/conor_cars-16862;Budapest;;
Corner Car Center Kft.;/partner/corner_car_center_kft-19704;Budapest;;
Corrado Car Kft.;/partner/corrado_car_kft-6970;Budapest;;
Correct Car;/partner/correct_car-10831;Budapest;;
Correct Car;/partner/correct_car-18722;Budapest;;
Credit Car Csepel Kft.;/partner/credit_car_csepel_kft-164;Budapest;;
Császár-Motorsport Kft.;/partner/csaszar-motorsport_kft-15579;Budapest;;
Cser Autó 67 Kft.;/partner/cser_auto_67_kft-1430;Budapest;;
Csigateam;/partner/csigateam-20142;Budapest;;
D and B Autó;/partner/d_and_b_auto-19773;Budapest;;
DAF Trucks;/partner/daf_trucks-776;Budapest;;
Dajka Trade Kft.;/partner/dajka_trade_kft-2134;Budapest;;
Delta Market;/partner/delta_market-16660;Budapest;;
Delta Popp - Vezér Autó;/partner/delta_popp_-_vezer_auto-2970;Budapest;;
Delta-Log-Plusz Kft.;/partner/delta-log-plusz_kft-6340;Budapest;;
Delta-Popp-Róbert Autó;/partner/delta-popp-robert_auto-13340;Budapest;;
DemetCar;/partner/demetcar-15669;Budapest;;
Demiro Autó;/partner/demiro_auto-18866;Budapest;;
Demo Car Kft.;/partner/demo_car_kft-10213;Budapest;;
Devil-Verda Kft.;/partner/devil-verda_kft-16790;Budapest;;
DIPOL Kft.;/partner/dipol_kft-17917;Budapest;;
Diverse Luxury;/partner/diverse_luxury-19670;Budapest;;
DL88 Solution Cars Kft;/partner/dl88_solution_cars_kft-14664;Budapest;;
Dömötör Peter Gergely;/partner/domotor_peter_gergely-20182;Budapest;;
DON CAR LEONE;/partner/don_car_leone-7309;Budapest;;
Double Car Hungary Kft;/partner/double_car_hungary_kft-17748;Budapest;;
Dream-Car Autóügynökség;/partner/dream-car_autougynokseg-1994;Budapest;;
DS Store Budapest;/partner/ds_store_budapest-18299;Budapest;;
Duna Autó Zrt.;/partner/duna_auto_zrt-2411;Budapest;;
Duna Autó Zrt.;/partner/duna_auto_zrt-5954;Budapest;;
Easysell - Az Ön személyes autóértékesítője;/partner/easysell_-_az_on_szemelyes_autoertekesitoje-18243;Budapest;;
Easysell Hungary Kft (kieg);/partner/easysell_hungary_kft_kieg-19482;Budapest;;
EAutópark;/partner/eautopark-18674;Budapest;;
EdeTeszt;/partner/edeteszt-18430;Budapest;;
Edit-Cars & Rent Kft.;/partner/edit-cars_rent_kft-19379;Budapest;;
Elegance Autó Kft.;/partner/elegance_auto_kft-171;Budapest;;
Elite Auto-Budapest;/partner/elite_auto-budapest-16445;Budapest;;
Emil Frey M5 Center;/partner/emil_frey_m5_center-375;Budapest;;
Emil Frey Magyarország Kft.;/partner/emil_frey_magyarorszag_kft-452;Budapest;;
Energy-sarok;/partner/energy-sarok-17610;Budapest;;
ErgyuAutó;/partner/ergyuauto-17574;Budapest;;
ESSSO AUTÓUDVAR;/partner/essso_autoudvar-166;Budapest;;
Észak-Pesti Autópark;/partner/eszak-pesti_autopark-6119;Budapest;;
Ethno Car Kft.;/partner/ethno_car_kft-19545;Budapest;;
EV Future;/partner/ev_future-18808;Budapest;;
Exclusive Cars;/partner/exclusive_cars-12312;Budapest;;
Executive Car Rent Kft.;/partner/executive_car_rent_kft-18295;Budapest;;
Farkas Barbara Ágnes;/partner/farkas_barbara_agnes-19535;Budapest;;
Fastback Kft.;/partner/fastback_kft-2871;Budapest;;
Fejes Caravan;/partner/fejes_caravan-10535;Budapest;;
Fémalk Zrt.;/partner/femalk_zrt-17505;Budapest;;
Fennsík Autópark;/partner/fennsik_autopark-10454;Budapest;;
Fényes-Autó Kereskedés;/partner/fenyes-auto_kereskedes-15701;Budapest;;
Fleetconcept Magyarország Kft.;/partner/fleetconcept_magyarorszag_kft-16260;Budapest;;
FleetWood Car;/partner/fleetwood_car-17305;Budapest;;
Flex-Car;/partner/flex-car-12081;Budapest;;
Flexfleet Zrt.;/partner/flexfleet_zrt-17821;Budapest;;
Flexi-Car;/partner/flexi-car-3363;Budapest;;
Flexker Autócentrum Kft.;/partner/flexker_autocentrum_kft-16212;Budapest;;
FLOW-CAR;/partner/flow-car-3515;Budapest;;
FM Elit Automobil;/partner/fm_elit_automobil-15853;Budapest;;
Földi-Family kft.;/partner/foldi-family_kft-8007;Budapest;;
Főnix-Motors Kft.;/partner/fonix-motors_kft-17353;Budapest;;
Ford Petrányi Kerepesi út 105.;/partner/ford_petranyi_kerepesi_ut_105.-16731;Budapest;;
Ford Petrányi Üllői út 309.;/partner/ford_petranyi_ulloi_ut_309.-16733;Budapest;;
Ford Petrányi-Budaörsi út;/partner/ford_petranyi-budaorsi_ut-4972;Budapest;;
Ford Petrányi-Kerepesi út;/partner/ford_petranyi-kerepesi_ut-1143;Budapest;;
Ford Petrányi-Üllői út;/partner/ford_petranyi-ulloi_ut-260;Budapest;;
FordStore Solymár-M3 Budapest;/partner/fordstore_solymar-m3_budapest-11615;Budapest;;
FordStore Solymár-M3 Budapest;/partner/fordstore_solymar-m3_budapest-11616;Budapest;;
Forward Industries Zrt.;/partner/forward_industries_zrt-12975;Budapest;;
FourAuto;/partner/fourauto-9274;Budapest;;
Frank Auto Kft.;/partner/frank_auto_kft-17919;Budapest;;
FRD Premium Car 2024 Kft.;/partner/frd_premium_car_2024_kft-19399;Budapest;;
FS Autó;/partner/fs_auto-13648;Budapest;;
Furgon Farm;/partner/furgon_farm-1032;Budapest;;
FZ Cars Kft.;/partner/fz_cars_kft-17688;Budapest;;
Gablini Használtautó;/partner/gablini_hasznaltauto-9;Budapest;;
Gablini Nissan M3;/partner/gablini_nissan_m3-16749;Budapest;;
GardaPlus;/partner/gardaplus-8922;Budapest;;
GBR-Energy Kft.;/partner/gbr-energy_kft-14232;Budapest;;
General Autóudvar Kft.;/partner/general_autoudvar_kft-16418;Budapest;;
Ghost Cars;/partner/ghost_cars-20267;Budapest;;
GL Autó;/partner/gl_auto-5430;Budapest;;
Global Autocentrum Kft.;/partner/global_autocentrum_kft-14551;Budapest;;
Golden Credit Car Kft.;/partner/golden_credit_car_kft-7285;Budapest;;
Good MaxCar Kft.;/partner/good_maxcar_kft-19308;Budapest;;
GPS Európa Kft.;/partner/gps_europa_kft-20098;Budapest;;
Grafour Team Kft.;/partner/grafour_team_kft-8935;Budapest;;
Green Autókölcsönző;/partner/green_autokolcsonzo-19282;Budapest;;
Green Cars;/partner/green_cars-15471;Budapest;;
GyuPa;/partner/gyupa-16096;Budapest;;
Ha-Rem Kft.;/partner/ha-rem_kft-1829;Budapest;;
Hajdu Capital Kft.;/partner/hajdu_capital_kft-8374;Budapest;;
Happy End Auto;/partner/happy_end_auto-19238;Budapest;;
Harmati Vivien E.V.;/partner/harmati_vivien_ev-20056;Budapest;;
Harum Investment Zrt.;/partner/harum_investment_zrt-8387;Budapest;;
Használt Autó Maxabo;/partner/hasznalt_auto_maxabo-16181;Budapest;;
Használtautó Kft. (SAJÁT CÉG);/partner/hasznaltauto_kft_sajat_ceg-20033;Budapest;;
Használtautó Kft. (SAJÁT CÉG);/partner/hasznaltauto_kft_sajat_ceg-20105;Budapest;;
Használtautó Kft. (SAJÁT CÉG);/partner/hasznaltauto_kft_sajat_ceg-20119;Budapest;;
Használtautó Kft. (SAJÁT CÉG);/partner/hasznaltauto_kft_sajat_ceg-20120;Budapest;;
Használtautó Kft. (SAJÁT CÉG);/partner/hasznaltauto_kft_sajat_ceg-20165;Budapest;;
Használtkocsi Kft.;/partner/hasznaltkocsi_kft-11952;Budapest;;
Határautó;/partner/hatarauto-951;Budapest;;
Hegedős Dániel Sándor E.V.;/partner/hegedos_daniel_sandor_ev-16911;Budapest;;
High Line Yachting Group (E-Hajó Center);/partner/high_line_yachting_group_e-hajo_center-16968;Budapest;;
Hilltop Autó;/partner/hilltop_auto-7622;Budapest;;
HipHop Autó;/partner/hiphop_auto-954;Budapest;;
Hofer Autó;/partner/hofer_auto-10333;Budapest;;
Honda Budaörs;/partner/honda_budaors-13822;Budapest;;
Honda Dream;/partner/honda_dream-3834;Budapest;;
Honda Dream;/partner/honda_dream-5960;Budapest;;
Honda Éles;/partner/honda_eles-296;Budapest;;
Honda Karasna;/partner/honda_karasna-4997;Budapest;;
Honda Szallerbeck;/partner/honda_szallerbeck-3701;Budapest;;
Honda Szallerbeck;/partner/honda_szallerbeck-10356;Budapest;;
Hope For Autócentrum;/partner/hope_for_autocentrum-340;Budapest;;
HOT ROD;/partner/hot_rod-5476;Budapest;;
HP Autó Kft.;/partner/hp_auto_kft-14769;Budapest;;
HTH Cartrading Kft.;/partner/hth_cartrading_kft-18837;Budapest;;
Hungarikum Autó Kft.;/partner/hungarikum_auto_kft-11737;Budapest;;
Hungaro Autócenturm Kft.;/partner/hungaro_autocenturm_kft-9924;Budapest;;
Hybrid Center;/partner/hybrid_center-13882;Budapest;;
Hybridomakft;/partner/hybridomakft-20257;Budapest;;
Hyster;/partner/hyster-16886;Budapest;;
Hyundai Gablini;/partner/hyundai_gablini-2397;Budapest;;
HZ Car;/partner/hz_car-20025;Budapest;;
IBUSZ;/partner/ibusz-18583;Budapest;;
Igor Car Hungary Kft.;/partner/igor_car_hungary_kft-15842;Budapest;;
Ildicar Kft.;/partner/ildicar_kft-1283;Budapest;;
Immomobil Kft.;/partner/immomobil_kft-13376;Budapest;;
IMPERIAL-AUTO;/partner/imperial-auto-7803;Budapest;;
Importautok.com;/partner/importautokcom-20269;Budapest;;
Indian Budapest;/partner/indian_budapest-20274;Budapest;;
Indian Budapest;/partner/indian_budapest-20305;Budapest;;
Infinit E Solutions Kft.;/partner/infinit_e_solutions_kft-16220;Budapest;;
Infinite Autó;/partner/infinite_auto-13516;Budapest;;
Ingolstadt Auto;/partner/ingolstadt_auto-16371;Budapest;;
INTEGRITY Car;/partner/integrity_car-19528;Budapest;;
Inter AG BDPST Kft.;/partner/inter_ag_bdpst_kft-13889;Budapest;;
Intercar Autók;/partner/intercar_autok-10783;Budapest;;
Iris Kereskedőház Csoport Kft.;/partner/iris_kereskedohaz_csoport_kft-18128;Budapest;;
Ironpaw;/partner/ironpaw-19713;Budapest;;
IVANICS Autópark-kezelő Kft. (kieg);/partner/ivanics_autopark-kezelo_kft_kieg-20006;Budapest;;
Ivanics Bp - Volvo és Ford;/partner/ivanics_bp_-_volvo_es_ford-14560;Budapest;;
Ivanics használt motor;/partner/ivanics_hasznalt_motor-19865;Budapest;;
Ivanics Kft. Budapest Ford;/partner/ivanics_kft_budapest_ford-5443;Budapest;;
Ivanics Kft. Budapest Volvo;/partner/ivanics_kft_budapest_volvo-2214;Budapest;;
Ivanics Motor Kft. *Budapest* használt;/partner/ivanics_motor_kft_budapest_hasznalt-5946;Budapest;;
Ivanics Motor Kft. Budapest *új*;/partner/ivanics_motor_kft_budapest_uj-14048;Budapest;;
IvanicsMarine;/partner/ivanicsmarine-17408;Budapest;;
J.H. Credit Autó;/partner/jh_credit_auto-99;Budapest;;
Jaguar Land Rover - Wallis British Motors;/partner/jaguar_land_rover_-_wallis_british_motors-16783;Budapest;;
Jasi Autó Kft.;/partner/jasi_auto_kft-11892;Budapest;;
Jeep Emil Frey;/partner/jeep_emil_frey-18848;Budapest;;
JMB rent a car Kft.;/partner/jmb_rent_a_car_kft-20228;Budapest;;
Jó Au-Tóth Kft.;/partner/jo_au-toth_kft-1922;Budapest;;
Juroba Kft.;/partner/juroba_kft-13139;Budapest;;
K.Ó.P.É. Car Kft.;/partner/kope_car_kft-20177;Budapest;;
K&K CREDIT SERVICE Kft.;/partner/kk_credit_service_kft-1656;Budapest;;
Kalota Autó;/partner/kalota_auto-593;Budapest;;
Kánya Bt;/partner/kanya_bt-17565;Budapest;;
Kara Auto Budapest;/partner/kara_auto_budapest-14113;Budapest;;
Karmann 70 Kft.;/partner/karmann_70_kft-8643;Budapest;;
KBC Trend Max Kft.;/partner/kbc_trend_max_kft-20099;Budapest;;
Kelet-Pest - Alfa Romeo;/partner/kelet-pest_-_alfa_romeo-2482;Budapest;;
Kelet-Pest - Fiat;/partner/kelet-pest_-_fiat-2483;Budapest;;
Kelet-Pest Csömöri;/partner/kelet-pest_csomori-2281;Budapest;;
Keresztúri út 90.;/partner/kereszturi_ut_90.-13964;Budapest;;
KGB Automotive Kft;/partner/kgb_automotive_kft-19613;Budapest;;
KGM Délpest;/partner/kgm_delpest-15890;Budapest;;
Kia Petrányi;/partner/kia_petranyi-18651;Budapest;;
Kia Wallis;/partner/kia_wallis-14326;Budapest;;
King-A Car;/partner/king-a_car-12356;Budapest;;
Kiss Car Trade;/partner/kiss_car_trade-11685;Budapest;;
Kiss László Tamás E.V.;/partner/kiss_laszlo_tamas_ev-20087;Budapest;;
Kisteher Car;/partner/kisteher_car-12132;Budapest;;
KJD Creative Kft.;/partner/kjd_creative_kft-20073;Budapest;;
Kő-Szi Autóker Kft.;/partner/ko-szi_autoker_kft-5893;Budapest;;
Kocka Car Team Kft.;/partner/kocka_car_team_kft-17939;Budapest;;
Kocsiguru Flotta Kft;/partner/kocsiguru_flotta_kft-19161;Budapest;;
Kocsiguru Kft.;/partner/kocsiguru_kft-11072;Budapest;;
Kocsiguru Kft. (kieg);/partner/kocsiguru_kft_kieg-19856;Budapest;;
Kőérberki Autó;/partner/koerberki_auto-13960;Budapest;;
Kombi-Autóudvar Kft.;/partner/kombi-autoudvar_kft-10961;Budapest;;
König Full Kft;/partner/konig_full_kft-5866;Budapest;;
Kőrösi Autó;/partner/korosi_auto-15574;Budapest;;
Kovács Krisztián;/partner/kovacs_krisztian-17089;Budapest;;
Kövesdán Kft.;/partner/kovesdan_kft-3751;Budapest;;
Kraft Autó Kft.;/partner/kraft_auto_kft-19234;Budapest;;
Krémer Autópark;/partner/kremer_autopark-1033;Budapest;;
Kri-Mix;/partner/kri-mix-6524;Budapest;;
KRITÁN Kft.;/partner/kritan_kft-16366;Budapest;;
KSR-Moto Magyarország;/partner/ksr-moto_magyarorszag-14758;Budapest;;
KUHN Földmunkagép Kft.;/partner/kuhn_foldmunkagep_kft-17957;Budapest;;
Kun Zoltán;/partner/kun_zoltan-13181;Budapest;;
Lakókocsipark;/partner/lakokocsipark-65;Budapest;;
Langwagen Kft;/partner/langwagen_kft-15965;Budapest;;
Laslo Truck;/partner/laslo_truck-13536;Budapest;;
Leapmotor Emil Frey;/partner/leapmotor_emil_frey-20106;Budapest;;
LEON FLEET Kft.;/partner/leon_fleet_kft-18995;Budapest;;
Levanter Lakóautó Kft.;/partner/levanter_lakoauto_kft-16292;Budapest;;
LEXUS BUDA;/partner/lexus_buda-5327;Budapest;;
Lexus Buda;/partner/lexus_buda-9601;Budapest;;
Lexus Pest;/partner/lexus_pest-17416;Budapest;;
LI-MA Fleet Kft.;/partner/li-ma_fleet_kft-17517;Budapest;;
Linartech ISUZU Szeged;/partner/linartech_isuzu_szeged-18752;Budapest;;
LJ Autó;/partner/lj_auto-14412;Budapest;;
LKW Store Kft.;/partner/lkw_store_kft-11295;Budapest;;
Londi Car Kft.;/partner/londi_car_kft-19681;Budapest;;
LOTUS AUTÓ CENTRUM Kft.;/partner/lotus_auto_centrum_kft-6711;Budapest;;
Ludman-Autó Kft.;/partner/ludman-auto_kft-2178;Budapest;;
M. L. ENERGY Kft.;/partner/m_l_energy_kft-19179;Budapest;;
M&M Racing Car;/partner/mm_racing_car-484;Budapest;;
M3 Autópark Kft.;/partner/m3_autopark_kft-607;Budapest;;
M5 Autópark;/partner/m5_autopark-397;Budapest;;
M5 Délpesti Autóudvar;/partner/m5_delpesti_autoudvar-2341;Budapest;;
M7 Autóudvar;/partner/m7_autoudvar-7936;Budapest;;
Maccao Car;/partner/maccao_car-11180;Budapest;;
Madmasel Auto;/partner/madmasel_auto-13294;Budapest;;
Maex Trans;/partner/maex_trans-16859;Budapest;;
Maki-Car Autókereskedés;/partner/maki-car_autokereskedes-11921;Budapest;;
Maksi Autóügynökség;/partner/maksi_autougynokseg-194;Budapest;;
Marosi Autó;/partner/marosi_auto-14904;Budapest;;
MatiPro Import;/partner/matipro_import-16785;Budapest;;
MatiPro Import;/partner/matipro_import-17282;Budapest;;
MatiPro Készlet;/partner/matipro_keszlet-13862;Budapest;;
Max Autó;/partner/max_auto-19421;Budapest;;
Maxabo Autó;/partner/maxabo_auto-6067;Budapest;;
Maxinnova;/partner/maxinnova-15464;Budapest;;
Maxus Centrum;/partner/maxus_centrum-19451;Budapest;;
Mazda Emil Frey;/partner/mazda_emil_frey-10300;Budapest;;
MBM Rent;/partner/mbm_rent-18378;Budapest;;
Mediaworks Hungary Zrt;/partner/mediaworks_hungary_zrt-19957;Budapest;;
Médium Autó;/partner/medium_auto-14158;Budapest;;
Mentes és Társai Kft.;/partner/mentes_es_tarsai_kft-5800;Budapest;;
Mercarius Mercar Kft -Szeged;/partner/mercarius_mercar_kft_-szeged-20218;Budapest;;
Mercarius Mercar Kft. - Budapest;/partner/mercarius_mercar_kft_-_budapest-17646;Budapest;;
Mészáros Autó;/partner/meszaros_auto-315;Budapest;;
MétaAutó;/partner/metaauto-5249;Budapest;;
Metalelektro;/partner/metalelektro-18878;Budapest;;
Meteor Motortech Kft.;/partner/meteor_motortech_kft-20096;Budapest;;
Metropolcar Kft.;/partner/metropolcar_kft-331;Budapest;;
Mex Auto Kft.;/partner/mex_auto_kft-1188;Budapest;;
MFmotors;/partner/mfmotors-18188;Budapest;;
MIDAIR;/partner/midair-10127;Budapest;;
Midibusz & TGK Center;/partner/midibusz_tgk_center-13603;Budapest;;
Mikont Trade Kft.;/partner/mikont_trade_kft-19337;Budapest;;
Mitsubishi Emil Frey;/partner/mitsubishi_emil_frey-16453;Budapest;;
MM-Twin Autó Kft.;/partner/mm-twin_auto_kft-18716;Budapest;;
Mo-Motors;/partner/mo-motors-19479;Budapest;;
Mobil Bekó és Tsa Kft.;/partner/mobil_beko_es_tsa_kft-2302;Budapest;;
Mohácsi E.V.;/partner/mohacsi_ev-13008;Budapest;;
Molteam Kft.;/partner/molteam_kft-16536;Budapest;;
Monik Kft;/partner/monik_kft-2012;Budapest;;
Moto Invest Kft.;/partner/moto_invest_kft-20242;Budapest;;
Moto-Jungle Kft.;/partner/moto-jungle_kft-19967;Budapest;;
Motor Center Gyulai;/partner/motor_center_gyulai-1720;Budapest;;
Motor Center Gyulai;/partner/motor_center_gyulai-12044;Budapest;;
Motorrad Szerviz Kft.;/partner/motorrad_szerviz_kft-7602;Budapest;;
Mozgóbolt Büfékocsi - Salesvan;/partner/mozgobolt_bufekocsi_-_salesvan-9884;Budapest;;
MRTN AUTO;/partner/mrtn_auto-19734;Budapest;;
MRTN Car;/partner/mrtn_car-16019;Budapest;;
Multiflex Invest;/partner/multiflex_invest-20173;Budapest;;
MuscleCarBudapest;/partner/musclecarbudapest-14743;Budapest;;
MZ Racing Team;/partner/mz_racing_team-440;Budapest;;
N&N Autó;/partner/nn_auto-11002;Budapest;;
Nadro-Ker Kft.;/partner/nadro-ker_kft-5357;Budapest;;
NaviTruck Kft - TruckShop.hu;/partner/navitruck_kft_-_truckshophu-14792;Budapest;;
Nemes Autó;/partner/nemes_auto-2972;Budapest;;
Net-Autó Kft.;/partner/net-auto_kft-330;Budapest;;
Netcars Union Kft.;/partner/netcars_union_kft-15562;Budapest;;
Nevada Auto;/partner/nevada_auto-20289;Budapest;;
Nilüfer;/partner/nilufer-19113;Budapest;;
NIO Gablini;/partner/nio_gablini-19058;Budapest;;
Nissan - Ferihegy - Szalonautók;/partner/nissan_-_ferihegy_-_szalonautok-14445;Budapest;;
Nissan Centrum;/partner/nissan_centrum-13987;Budapest;;
Nissan Centrum használtautó;/partner/nissan_centrum_hasznaltauto-13986;Budapest;;
Nissan Gablini;/partner/nissan_gablini-5739;Budapest;;
NJ Car;/partner/nj_car-15293;Budapest;;
NJZM Trade Kft;/partner/njzm_trade_kft-20261;Budapest;;
Noel Autópark;/partner/noel_autopark-19840;Budapest;;
Number One Car Kft.;/partner/number_one_car_kft-13772;Budapest;;
Nyírimpex Autó;/partner/nyirimpex_auto-832;Budapest;;
Óbudai Autójavító Kft.;/partner/obudai_autojavito_kft-339;Budapest;;
Óbudai Autójavító Kft.;/partner/obudai_autojavito_kft-18352;Budapest;;
OILTREND.HU Kft.;/partner/oiltrendhu_kft-8727;Budapest;;
OM Auto;/partner/om_auto-7472;Budapest;;
OMI CAR;/partner/omi_car-19210;Budapest;;
Omoda & Jaecoo Petrányi Budaörs;/partner/omoda_jaecoo_petranyi_budaors-19570;Budapest;;
OMODA Gablini;/partner/omoda_gablini-19250;Budapest;;
Omoda&Jaecoo Petrányi Kerepesi;/partner/omodajaecoo_petranyi_kerepesi-19361;Budapest;;
OnlyCars;/partner/onlycars-20014;Budapest;;
Opel Gyulai;/partner/opel_gyulai-82;Budapest;;
Opel Gyulai;/partner/opel_gyulai-7403;Budapest;;
Opel/Kia Wallis;/partner/opel_kia_wallis-555;Budapest;;
Opel/Kia Wallis;/partner/opel_kia_wallis-6856;Budapest;;
Opel/Kia Wallis (kieg);/partner/opel_kia_wallis_kieg-19717;Budapest;;
OPMauto;/partner/opmauto-5185;Budapest;;
Otobot Zrt.;/partner/otobot_zrt-18916;Budapest;;
Otokaan Autócentrum;/partner/otokaan_autocentrum-18548;Budapest;;
Our Company Kft.;/partner/our_company_kft-19363;Budapest;;
Palno Kft.;/partner/palno_kft-635;Budapest;;
Palota Autóudvar;/partner/palota_autoudvar-413;Budapest;;
Panda Car;/partner/panda_car-19532;Budapest;;
Pappas Auto - AMG Performance Center;/partner/pappas_auto_-_amg_performance_center-14699;Budapest;;
Pappas Autó - Budapest;/partner/pappas_auto_-_budapest-1243;Budapest;;
Pappas Auto - Budapest;/partner/pappas_auto_-_budapest-6626;Budapest;;
Pappas Auto - Budapest;/partner/pappas_auto_-_budapest-6627;Budapest;;
Pappas Auto - KRP Alfa Jeep;/partner/pappas_auto_-_krp_alfa_jeep-15154;Budapest;;
Pappas Auto - Szeged (kieg);/partner/pappas_auto_-_szeged_kieg-20047;Budapest;;
Pappas Autó -Transporter;/partner/pappas_auto_-transporter-16550;Budapest;;
Pappas Auto Magyarország Kft.;/partner/pappas_auto_magyarorszag_kft-5548;Budapest;;
Pappas Auto Outlet;/partner/pappas_auto_outlet-14735;Budapest;;
Pappas Auto-ABF KIA;/partner/pappas_auto-abf_kia-19268;Budapest;;
Pappas Auto-KRP KIA;/partner/pappas_auto-krp_kia-19269;Budapest;;
Pappas Budapest Kishaszonjármű;/partner/pappas_budapest_kishaszonjarmu-3507;Budapest;;
Paskál Cars;/partner/paskal_cars-10603;Budapest;;
Pásztor Csoport;/partner/pasztor_csoport-5543;Budapest;;
Pásztor Csoport;/partner/pasztor_csoport-9489;Budapest;;
Peddi Kft.;/partner/peddi_kft-891;Budapest;;
Perfect Masters Kft.;/partner/perfect_masters_kft-20232;Budapest;;
Pesti Auto;/partner/pesti_auto-13857;Budapest;;
Petrányi Autó Centrum;/partner/petranyi_auto_centrum-17827;Budapest;;
Petrányi Ford Budaörsi út 179;/partner/petranyi_ford_budaorsi_ut_179-16730;Budapest;;
Peugeot Fábián Budapest;/partner/peugeot_fabian_budapest-561;Budapest;;
Peugeot Fábián Budapest;/partner/peugeot_fabian_budapest-2595;Budapest;;
Peugeot Gablini;/partner/peugeot_gablini-2396;Budapest;;
Peugeot M5 Center;/partner/peugeot_m5_center-10435;Budapest;;
Piaggio Haszongépjármű Centrum;/partner/piaggio_haszongepjarmu_centrum-17615;Budapest;;
PNT Mobil Kft.;/partner/pnt_mobil_kft-691;Budapest;;
Popular Kft.;/partner/popular_kft-8982;Budapest;;
Porsche Buda;/partner/porsche_buda-3;Budapest;;
Porsche Buda Új Autók;/partner/porsche_buda_uj_autok-6637;Budapest;;
Porsche Centrum Budapest;/partner/porsche_centrum_budapest-11750;Budapest;;
Porsche M5;/partner/porsche_m5-907;Budapest;;
Porsche M5 Új Autók;/partner/porsche_m5_uj_autok-9306;Budapest;;
Porsche Pest;/partner/porsche_pest-377;Budapest;;
Porsche Pest Új Autók;/partner/porsche_pest_uj_autok-2901;Budapest;;
Prakti-Car Autó Kft.;/partner/prakti-car_auto_kft-2064;Budapest;;
Prémium Autósziget;/partner/premium_autosziget-10842;Budapest;;
Premium Flotta;/partner/premium_flotta-19687;Budapest;;
Prémium Német Autó;/partner/premium_nemet_auto-14183;Budapest;;
Premium Selection Auto Kft.;/partner/premium_selection_auto_kft-18924;Budapest;;
PremiumCarOutlet-BP;/partner/premiumcaroutlet-bp-16826;Budapest;;
PremiumWeltAuto;/partner/premiumweltauto-15270;Budapest;;
Prizma Flottakezelő Kft.;/partner/prizma_flottakezelo_kft-16444;Budapest;;
Proflotta Buda;/partner/proflotta_buda-19188;Budapest;;
Project Cars;/partner/project_cars-18804;Budapest;;
Prometheus Automobil;/partner/prometheus_automobil-12868;Budapest;;
Promotours;/partner/promotours-10444;Budapest;;
Quhin-Co. Car Bt.;/partner/quhin-co_car_bt-645;Budapest;;
R-Prémium Car kft.;/partner/r-premium_car_kft-16233;Budapest;;
Rajta Autó Kft.;/partner/rajta_auto_kft-18090;Budapest;;
RE-DION Kft;/partner/re-dion_kft-1371;Budapest;;
Re-Ferenc Kft.;/partner/re-ferenc_kft-443;Budapest;;
Reálszisztéma Autó Buda;/partner/realszisztema_auto_buda-434;Budapest;;
Reálszisztéma Autó Buda;/partner/realszisztema_auto_buda-15998;Budapest;;
Renault Dacia Autowallis;/partner/renault_dacia_autowallis-19316;Budapest;;
Renault Dacia Autowallis;/partner/renault_dacia_autowallis-19462;Budapest;;
Restart Center Kft.;/partner/restart_center_kft-18047;Budapest;;
Revolution Car;/partner/revolution_car-15974;Budapest;;
Rio-Car Kft.;/partner/rio-car_kft-96;Budapest;;
River Car;/partner/river_car-15884;Budapest;;
RM Solar Napelem Kft.;/partner/rm_solar_napelem_kft-19728;Budapest;;
Ro-Zso Car;/partner/ro-zso_car-50;Budapest;;
Rózsa Alexandra;/partner/rozsa_alexandra-19827;Budapest;;
RPS Labor Kft.;/partner/rps_labor_kft-20233;Budapest;;
RR MARKET Kft.;/partner/rr_market_kft-20118;Budapest;;
S-Business Autóház Sz. Sz.;/partner/s-business_autohaz_sz_sz-16944;Budapest;;
S.O.S. Assistance Kft.;/partner/sos_assistance_kft-7078;Budapest;;
S&S Eurocars;/partner/ss_eurocars-20241;Budapest;;
Sailbalaton.hu;/partner/sailbalatonhu-18224;Budapest;;
Saját Gábor;/partner/sajat_gabor-18965;Budapest;;
Sakura Csoport;/partner/sakura_csoport-8705;Budapest;;
Salamon Autó Kft.;/partner/salamon_auto_kft-15515;Budapest;;
Sandlander Motors;/partner/sandlander_motors-19265;Budapest;;
Sansz Autó;/partner/sansz_auto-168;Budapest;;
Sashalom Auto Kft.;/partner/sashalom_auto_kft-17087;Budapest;;
Savoya Autópark;/partner/savoya_autopark-13235;Budapest;;
Schiller Használtautó;/partner/schiller_hasznaltauto-288;Budapest;;
Seat Szabó;/partner/seat_szabo-4999;Budapest;;
Seat Szabó;/partner/seat_szabo-10461;Budapest;;
Secret Car;/partner/secret_car-16094;Budapest;;
Sell My Car Autókereskedés;/partner/sell_my_car_autokereskedes-19745;Budapest;;
Sérült Autók;/partner/serult_autok-3516;Budapest;;
SG Fleet;/partner/sg_fleet-17893;Budapest;;
SHA Auto Park;/partner/sha_auto_park-19147;Budapest;;
SHT-Car Bt.;/partner/sht-car_bt-6968;Budapest;;
Sifi Autó Kft.;/partner/sifi_auto_kft-215;Budapest;;
Signo Car;/partner/signo_car-19946;Budapest;;
Silber Autó Kft.;/partner/silber_auto_kft-17777;Budapest;;
Sinexrent;/partner/sinexrent-19038;Budapest;;
Sixteen Auto;/partner/sixteen_auto-20281;Budapest;;
SK Car Kft.;/partner/sk_car_kft-29;Budapest;;
Skoda Palota Schiller;/partner/skoda_palota_schiller-15981;Budapest;;
Sky-Stár-19 Kft.;/partner/sky-star-19_kft-6624;Budapest;;
Skyactiv Cars;/partner/skyactiv_cars-17146;Budapest;;
SlágerAuto Kft.;/partner/slagerauto_kft-18332;Budapest;;
SMART CAR TRADE KFT. - BUDAPEST (III.);/partner/smart_car_trade_kft_-_budapest_iii-445;Budapest;;
SMF Car;/partner/smf_car-17644;Budapest;;
SPIRIT AUTO - Ferihegy;/partner/spirit_auto_-_ferihegy-486;Budapest;;
SPIRIT AUTO - Ferihegy - Szalonautók;/partner/spirit_auto_-_ferihegy_-_szalonautok-2650;Budapest;;
SRB Autó;/partner/srb_auto-7013;Budapest;;
Stern Autó Kft.;/partner/stern_auto_kft-327;Budapest;;
Stromi Auto;/partner/stromi_auto-15802;Budapest;;
Sturcz Kft. (kieg);/partner/sturcz_kft_kieg-20190;Budapest;;
Sturcz Kft. (kieg2);/partner/sturcz_kft_kieg2-20191;Budapest;;
Subaru Emil Frey;/partner/subaru_emil_frey-16452;Budapest;;
SUPIDO KFT.;/partner/supido_kft-19674;Budapest;;
Suwenor Kft.;/partner/suwenor_kft-3491;Budapest;;
Suwenor Kft.;/partner/suwenor_kft-14535;Budapest;;
Suzu GERO;/partner/suzu_gero-1082;Budapest;;
Suzu Géro Szalonautó;/partner/suzu_gero_szalonauto-7018;Budapest;;
Suzuki Gusztáv;/partner/suzuki_gusztav-19;Budapest;;
Suzuki Ház;/partner/suzuki_haz-2217;Budapest;;
Suzuki Ház Szalonautó;/partner/suzuki_haz_szalonauto-2823;Budapest;;
Suzuki Szabó Csepel;/partner/suzuki_szabo_csepel-6330;Budapest;;
Suzuki Varró;/partner/suzuki_varro-8792;Budapest;;
SVITAVY Kft.;/partner/svitavy_kft-15556;Budapest;;
Szakálos Bence - CarVio.hu;/partner/szakalos_bence_-_carviohu-19212;Budapest;;
Szaknyéri-Cargo Kft.;/partner/szaknyeri-cargo_kft-5228;Budapest;;
Szeifert Car;/partner/szeifert_car-18349;Budapest;;
Szembeszél Kft;/partner/szembeszel_kft-11949;Budapest;;
Szentlőrinci Autóudvar;/partner/szentlorinci_autoudvar-18734;Budapest;;
Szi-Szi Autó Kft.;/partner/szi-szi_auto_kft-11611;Budapest;;
Sziget Autóház;/partner/sziget_autohaz-7972;Budapest;;
Szirt Autó;/partner/szirt_auto-6005;Budapest;;
Szkarlett autó;/partner/szkarlett_auto-18963;Budapest;;
Sztráda Autó-Néró Kft.;/partner/sztrada_auto-nero_kft-9038;Budapest;;
Telepes Motors Kft.;/partner/telepes_motors_kft-9647;Budapest;;
Tesztszeptemberi;/partner/tesztszeptemberi-19971;Budapest;;
Tesztszeptembersanna;/partner/tesztszeptembersanna-19974;Budapest;;
Tétény Autóház Kft.;/partner/teteny_autohaz_kft-16917;Budapest;;
Tip-Top Autó;/partner/tip-top_auto-633;Budapest;;
Tömösi AutóTrade;/partner/tomosi_autotrade-19437;Budapest;;
Top Auto;/partner/top_auto-20189;Budapest;;
Top Car;/partner/top_car-11929;Budapest;;
Top Tier Auto;/partner/top_tier_auto-18826;Budapest;;
Toyota Anyagmozgatás Magyarország Kft.;/partner/toyota_anyagmozgatas_magyarorszag_kft-19780;Budapest;;
Toyota Emil Frey;/partner/toyota_emil_frey-14631;Budapest;;
Toyota Sakura Kft.;/partner/toyota_sakura_kft-16644;Budapest;;
Toyota Schiller;/partner/toyota_schiller-15979;Budapest;;
TradeOne Plus Kft;/partner/tradeone_plus_kft-17993;Budapest;;
Traffic Trade Kft.;/partner/traffic_trade_kft-20214;Budapest;;
Trendi Autó;/partner/trendi_auto-14851;Budapest;;
Trishop Szervíz Kft;/partner/trishop_szerviz_kft-5690;Budapest;;
Triumph Magyarország;/partner/triumph_magyarorszag-18108;Budapest;;
Tromf-Car Kft.;/partner/tromf-car_kft-158;Budapest;;
TS Hungária Auto Trade Kft.;/partner/ts_hungaria_auto_trade_kft-10540;Budapest;;
Túri Car Kft.;/partner/turi_car_kft-18063;Budapest;;
Turjányi János;/partner/turjanyi_janos-19975;Budapest;;
Tutto Moto Kft;/partner/tutto_moto_kft-6931;Budapest;;
Tüzes Autókereskedés;/partner/tuzes_autokereskedes-17516;Budapest;;
TZ-Motor Kft;/partner/tz-motor_kft-747;Budapest;;
UFleet Kft.;/partner/ufleet_kft-13065;Budapest;;
Ungvári Autó;/partner/ungvari_auto-15808;Budapest;;
Unio Car-Sérült Autók;/partner/unio_car-serult_autok-280;Budapest;;
Universal Leasing Kft.;/partner/universal_leasing_kft-18287;Budapest;;
V Áron HAHU teszt;/partner/v_aron_hahu_teszt-19998;Budapest;;
Várbíró Jenő;/partner/varbiro_jeno-14368;Budapest;;
Varró Autó;/partner/varro_auto-11562;Budapest;;
Varsi-Car Kft;/partner/varsi-car_kft-9563;Budapest;;
Végh-Car Kft.;/partner/vegh-car_kft-19911;Budapest;;
Veisz Automobile Kft.;/partner/veisz_automobile_kft-16047;Budapest;;
Verda Neked Most Kft. /Piaccal szemben/;/partner/verda_neked_most_kft_piaccal_szemben-17016;Budapest;;
Verda Park;/partner/verda_park-3829;Budapest;;
Verum Használtautó;/partner/verum_hasznaltauto-14767;Budapest;;
Veterán Autó Kft.;/partner/veteran_auto_kft-16729;Budapest;;
VIP Home Kft.;/partner/vip_home_kft-14766;Budapest;;
Volvo Galéria és Szerviz;/partner/volvo_galeria_es_szerviz-534;Budapest;;
Vöröskő Autó Kft.;/partner/vorosko_auto_kft-9018;Budapest;;
VPT CARAVAN;/partner/vpt_caravan-16014;Budapest;;
Wallis British Motors;/partner/wallis_british_motors-16600;Budapest;;
Wallis Duna - Könyves K. krt 5.- Használtautó;/partner/wallis_duna_-_konyves_k_krt_5-_hasznaltauto-15705;Budapest;;
Wallis Duna - Könyves K. krt. 5. BYD Bemutató autó;/partner/wallis_duna_-_konyves_k_krt_5_byd_bemutato_auto-18771;Budapest;;
Wallis Duna-Könyves K. krt 5.-BMW Bemutató autó;/partner/wallis_duna-konyves_k_krt_5-bmw_bemutato_auto-2401;Budapest;;
Wallis Motor Pest Kft.;/partner/wallis_motor_pest_kft-19134;Budapest;;
Wallis Pest - Váci út 175 - Használtautó;/partner/wallis_pest_-_vaci_ut_175_-_hasznaltauto-160;Budapest;;
Wallis Pest-Hungária krt 95. - BMW Motorkerékpár;/partner/wallis_pest-hungaria_krt_95_-_bmw_motorkerekpar-2129;Budapest;;
Wallis Pest-Hungária krt 95.- Mini Bemutató autó;/partner/wallis_pest-hungaria_krt_95-_mini_bemutato_auto-15706;Budapest;;
Wallis Pest-Hungária krt 95.-BMW Bemutató autó;/partner/wallis_pest-hungaria_krt_95-bmw_bemutato_auto-2404;Budapest;;
Wallis Pest-Hungária krt 95.-BMW Premium Selection;/partner/wallis_pest-hungaria_krt_95-bmw_premium_selection-2163;Budapest;;
Wallis Pest-Váci út 175.-Maserati;/partner/wallis_pest-vaci_ut_175-maserati-12664;Budapest;;
Warm Up Kft./Ferrari-Maserati;/partner/warm_up_kft_ferrari-maserati-2179;Budapest;;
Webcar Magyarország;/partner/webcar_magyarorszag-19135;Budapest;;
Weekendbus Zrt.;/partner/weekendbus_zrt-19812;Budapest;;
Wienerberger zRT.;/partner/wienerberger_zrt-18652;Budapest;;
Wiking Yacht Club;/partner/wiking_yacht_club-5665;Budapest;;
Winti Autoexpo Kft.;/partner/winti_autoexpo_kft-6478;Budapest;;
Yamaha Harmati;/partner/yamaha_harmati-3654;Budapest;;
Yasmin Trade Kft;/partner/yasmin_trade_kft-17444;Budapest;;
Yeri Auto Kft.;/partner/yeri_auto_kft-18601;Budapest;;
Zita Teszt;/partner/zita_teszt-19586;Budapest;;
Zizicar Autókereskedés;/partner/zizicar_autokereskedes-836;Budapest;;
Zolti teszt;/partner/zolti_teszt-19944;Budapest;;
1By Car;/partner/1by_car-14364;Pest-megye;;
300autó;/partner/300auto-14624;Pest-megye;;
4-Motors Kft.;/partner/4-motors_kft-197;Pest-megye;;
AB-Kár Kft.;/partner/ab-kar_kft-1268;Pest-megye;;
ÁBD TEMPO LINE Kft.;/partner/abd_tempo_line_kft-20090;Pest-megye;;
ABSOLUT C Partner Kft;/partner/absolut_c_partner_kft-19336;Pest-megye;;
Abszolút Autó Solymár;/partner/abszolut_auto_solymar-1346;Pest-megye;;
ACTIWAY Kft.;/partner/actiway_kft-18947;Pest-megye;;
ADMAutoKft;/partner/admautokft-16152;Pest-megye;;
Afit Autócentrum Kft.;/partner/afit_autocentrum_kft-1343;Pest-megye;;
Ala Major Kft.;/partner/ala_major_kft-14310;Pest-megye;;
Alfa Romeo Shop;/partner/alfa_romeo_shop-9027;Pest-megye;;
Alfa-Wintrade Kft.;/partner/alfa-wintrade_kft-10011;Pest-megye;;
Alonzo-Cars Dunakeszi;/partner/alonzo-cars_dunakeszi-19659;Pest-megye;;
Ambulanz Mobile Hungary Kft.;/partner/ambulanz_mobile_hungary_kft-20149;Pest-megye;;
Amerikai Vasak (Solymár Szalay Kft.);/partner/amerikai_vasak_solymar_szalay_kft-17521;Pest-megye;;
Anssems.com;/partner/anssemscom-17118;Pest-megye;;
AR Motive;/partner/ar_motive-17499;Pest-megye;;
Art Escape Autópark;/partner/art_escape_autopark-726;Pest-megye;;
AS Service& Sales Kft.;/partner/as_service_sales_kft-18850;Pest-megye;;
ATE-Eszközkezelő Kft.;/partner/ate-eszkozkezelo_kft-11960;Pest-megye;;
Ati Best Car Kft.;/partner/ati_best_car_kft-20244;Pest-megye;;
Atimoto;/partner/atimoto-9688;Pest-megye;;
Authentic Garage Kft.;/partner/authentic_garage_kft-19726;Pest-megye;;
Auto 812;/partner/auto_812-904;Pest-megye;;
Autó Akadémia;/partner/auto_akademia-12613;Pest-megye;;
Autó Árendás Kft.;/partner/auto_arendas_kft-1401;Pest-megye;;
Autó Centrum Vác;/partner/auto_centrum_vac-725;Pest-megye;;
Auto Emporium Kft.;/partner/auto_emporium_kft-19109;Pest-megye;;
Autó Galéria;/partner/auto_galeria-16345;Pest-megye;;
Autó Gemelli Kft.;/partner/auto_gemelli_kft-15331;Pest-megye;;
Auto Legend Kft;/partner/auto_legend_kft-16756;Pest-megye;;
Autó-Állomás;/partner/auto-allomas-14606;Pest-megye;;
Autó-Halas Használtautó-szalon;/partner/auto-halas_hasznaltauto-szalon-59;Pest-megye;;
Auto-Moto Zone Kft;/partner/auto-moto_zone_kft-16342;Pest-megye;;
Autó-Solymár Kft.;/partner/auto-solymar_kft-18452;Pest-megye;;
AUTÓ-TOKÁN Kft.;/partner/auto-tokan_kft-1386;Pest-megye;;
Autó-Z7 Kft.;/partner/auto-z7_kft-18609;Pest-megye;;
Autóbatta;/partner/autobatta-9488;Pest-megye;;
AutoCar;/partner/autocar-19747;Pest-megye;;
Autócentrum Szabó Kft.;/partner/autocentrum_szabo_kft-2522;Pest-megye;;
Autócentrum Törökbálint by B&H;/partner/autocentrum_torokbalint_by_bh-20174;Pest-megye;;
Autódiszkont;/partner/autodiszkont-8750;Pest-megye;;
Autoking-Record Kft.;/partner/autoking-record_kft-12666;Pest-megye;;
Autókommandó Kft.;/partner/autokommando_kft-20282;Pest-megye;;
Autókozmetika Tura;/partner/autokozmetika_tura-6093;Pest-megye;;
AutoMall - Demó és bemutatóautók;/partner/automall_-_demo_es_bemutatoautok-3500;Pest-megye;;
Autonom Hungary Kft.;/partner/autonom_hungary_kft-19979;Pest-megye;;
AutóPlatz;/partner/autoplatz-19763;Pest-megye;;
AUTOPOINT BUDAPEST 4x4;/partner/autopoint_budapest_4x4-13824;Pest-megye;;
Autópont BK;/partner/autopont_bk-16840;Pest-megye;;
AUTOTREDER;/partner/autotreder-16044;Pest-megye;;
Autóvár K & K Kft.;/partner/autovar_k_k_kft-581;Pest-megye;;
AutoVargas;/partner/autovargas-18694;Pest-megye;;
Autovision Gödöllő;/partner/autovision_godollo-1151;Pest-megye;;
AutoZenGarden Kft.;/partner/autozengarden_kft-19842;Pest-megye;;
Ayvens Magyarország (Leaseplan);/partner/ayvens_magyarorszag_leaseplan-15337;Pest-megye;;
AZIM autóház Kft.;/partner/azim_autohaz_kft-20084;Pest-megye;;
Azur Mobil Kft.;/partner/azur_mobil_kft-14234;Pest-megye;;
B Euro Car Kft.;/partner/b_euro_car_kft-16299;Pest-megye;;
B-Konvoj Kft.;/partner/b-konvoj_kft-11812;Pest-megye;;
B&H Monitoring Kft.;/partner/bh_monitoring_kft-15099;Pest-megye;;
B2 Autóudvar;/partner/b2_autoudvar-20041;Pest-megye;;
Balance Car;/partner/balance_car-14839;Pest-megye;;
Bara Autóház;/partner/bara_autohaz-10397;Pest-megye;;
Bara Autópark;/partner/bara_autopark-13809;Pest-megye;;
BARAKTO-BEST Kft.;/partner/barakto-best_kft-18176;Pest-megye;;
BARNI-AUTÓ Kft.;/partner/barni-auto_kft-15398;Pest-megye;;
Bau-Trans 2000 Kft;/partner/bau-trans_2000_kft-3077;Pest-megye;;
Bavarian Classics;/partner/bavarian_classics-11658;Pest-megye;;
Bavarian Classics;/partner/bavarian_classics-17020;Pest-megye;;
BDPST Prémium Kft.;/partner/bdpst_premium_kft-20022;Pest-megye;;
Becsületesnepper;/partner/becsuletesnepper-10129;Pest-megye;;
Becz Ádám;/partner/becz_adam-19079;Pest-megye;;
BeneluxCars Hungary;/partner/beneluxcars_hungary-17782;Pest-megye;;
Beratti Motors Kft;/partner/beratti_motors_kft-16543;Pest-megye;;
Bérgépcentrum Kft. - Nagytarcsa;/partner/bergepcentrum_kft_-_nagytarcsa-15098;Pest-megye;;
Beri Car House BT.;/partner/beri_car_house_bt-19640;Pest-megye;;
Berinder Solution Kft.;/partner/berinder_solution_kft-19952;Pest-megye;;
Beskid-Car Kft.;/partner/beskid-car_kft-6713;Pest-megye;;
Bespoke Concept Zrt.;/partner/bespoke_concept_zrt-20280;Pest-megye;;
Best Best Kft.;/partner/best_best_kft-19272;Pest-megye;;
Best Marine Kft.;/partner/best_marine_kft-19328;Pest-megye;;
BEV Cars;/partner/bev_cars-19588;Pest-megye;;
BÉVK Imperial Kft.;/partner/bevk_imperial_kft-1783;Pest-megye;;
BMW Hungary Kft.;/partner/bmw_hungary_kft-19965;Pest-megye;;
Borneo Apparel Kft.;/partner/borneo_apparel_kft-16311;Pest-megye;;
BRABUS MANSORY AUTOPOINT BUDAPEST;/partner/brabus_mansory_autopoint_budapest-17568;Pest-megye;;
Brassó Autóudvar;/partner/brasso_autoudvar-10403;Pest-megye;;
Brentor Kft.;/partner/brentor_kft-10744;Pest-megye;;
BROCARS 2016;/partner/brocars_2016-14121;Pest-megye;;
BRS Car Újhartyán;/partner/brs_car_ujhartyan-14021;Pest-megye;;
Buggy Car;/partner/buggy_car-14249;Pest-megye;;
BVZ Off-Road;/partner/bvz_off-road-19449;Pest-megye;;
C & B Kft;/partner/c_b_kft-17221;Pest-megye;;
CALIDADCAR Kereskedelmi Kft.;/partner/calidadcar_kereskedelmi_kft-20137;Pest-megye;;
Car and Spa;/partner/car_and_spa-14902;Pest-megye;;
Car-Éra Kft.;/partner/car-era_kft-3559;Pest-megye;;
Car-Éra Kft.(kieg);/partner/car-era_kftkieg-19895;Pest-megye;;
Car-Garage Kft;/partner/car-garage_kft-7561;Pest-megye;;
Car-Six Kft.;/partner/car-six_kft-16184;Pest-megye;;
Car-Tune Kft.;/partner/car-tune_kft-12934;Pest-megye;;
Cargorent Kft.;/partner/cargorent_kft-19565;Pest-megye;;
CarNet Autóház - Alfa Romeo, Citroën, Fiat, Fiat P;/partner/carnet_autohaz_-_alfa_romeo_citroen_fiat_fiat_p-7004;Pest-megye;;
"CarNet Autóház; Budaörs";/partner/carnet_autohaz_budaors-2275;Pest-megye;;
"CarNet Triplex – Alpine, Dacia, Opel, Renault; Bud";/partner/carnet_triplex_-_alpine_dacia_opel_renault_bud-10912;Pest-megye;;
"CarNet Triplex; Budakalász";/partner/carnet_triplex_budakalasz-3548;Pest-megye;;
CarPoint Nagykőrös;/partner/carpoint_nagykoros-17937;Pest-megye;;
CARTECUM-Budaörs;/partner/cartecum-budaors-7655;Pest-megye;;
Cartel Automobile Kft.;/partner/cartel_automobile_kft-20220;Pest-megye;;
Cebb  Kft.;/partner/cebb_kft-16431;Pest-megye;;
Ceglédi Autóház Kft;/partner/cegledi_autohaz_kft-16140;Pest-megye;;
Ceglédi Autóház Kft.;/partner/cegledi_autohaz_kft-277;Pest-megye;;
Ceglédi Kubu;/partner/cegledi_kubu-16269;Pest-megye;;
Champion Car Kft.;/partner/champion_car_kft-15919;Pest-megye;;
Chery M3 (Solymár Szalay);/partner/chery_m3_solymar_szalay-19845;Pest-megye;;
Chery M3 Solymár (Solymár-Szalay Kft.);/partner/chery_m3_solymar_solymar-szalay_kft-19868;Pest-megye;;
Christin Mobil Kft.;/partner/christin_mobil_kft-19164;Pest-megye;;
Citroen Sipos;/partner/citroen_sipos-18414;Pest-megye;;
Citroen Sipos Kft.;/partner/citroen_sipos_kft-1128;Pest-megye;;
Clevi Car Kft.;/partner/clevi_car_kft-12242;Pest-megye;;
Clickauto;/partner/clickauto-10327;Pest-megye;;
Corner Autópark;/partner/corner_autopark-19275;Pest-megye;;
Csodacsacsi Trade Kft.;/partner/csodacsacsi_trade_kft-20042;Pest-megye;;
Csónakutánfutó;/partner/csonakutanfuto-17803;Pest-megye;;
DA'CAR Autoudvar;/partner/dacar_autoudvar-13442;Pest-megye;;
Dan-Rol Fleet;/partner/dan-rol_fleet-20051;Pest-megye;;
Danan Euro Car;/partner/danan_euro_car-17558;Pest-megye;;
Danubia Motors;/partner/danubia_motors-15027;Pest-megye;;
Das WeltAuto Centrum Budaörs;/partner/das_weltauto_centrum_budaors-17144;Pest-megye;;
Deal Autó;/partner/deal_auto-19866;Pest-megye;;
Dei Ventus Auto;/partner/dei_ventus_auto-11551;Pest-megye;;
Delta-Truck;/partner/delta-truck-17575;Pest-megye;;
Delta-Truck Kft.;/partner/delta-truck_kft-3215;Pest-megye;;
Delta-Truck Kft.;/partner/delta-truck_kft-3277;Pest-megye;;
Demeter Attila E.V.;/partner/demeter_attila_ev-18884;Pest-megye;;
Demeter Renátó;/partner/demeter_renato-18836;Pest-megye;;
Di-Fer Autócsoport - Használtautók;/partner/di-fer_autocsoport_-_hasznaltautok-134;Pest-megye;;
Di-Fer Autócsoport - Új Autók;/partner/di-fer_autocsoport_-_uj_autok-10716;Pest-megye;;
Diósd Lakókocsik;/partner/diosd_lakokocsik-18917;Pest-megye;;
Diósdi Használtautó Kft.;/partner/diosdi_hasznaltauto_kft-19985;Pest-megye;;
Doman Daru;/partner/doman_daru-7811;Pest-megye;;
Domiautó;/partner/domiauto-13454;Pest-megye;;
DOMRÁD Kft.;/partner/domrad_kft-19081;Pest-megye;;
Dongfeng Szalon M7 Érd;/partner/dongfeng_szalon_m7_erd-20265;Pest-megye;;
Doór Ferenc;/partner/door_ferenc-937;Pest-megye;;
Dream Automobile Kft.;/partner/dream_automobile_kft-19679;Pest-megye;;
Ducati Cegléd;/partner/ducati_cegled-7565;Pest-megye;;
Dudi Car;/partner/dudi_car-14244;Pest-megye;;
Duett Mobil Kft.;/partner/duett_mobil_kft-7777;Pest-megye;;
DUNAGÉP Zrt.;/partner/dunagep_zrt-20259;Pest-megye;;
Dunakanyar Verda Kft.;/partner/dunakanyar_verda_kft-11222;Pest-megye;;
DUO-H Kft;/partner/duo-h_kft-19440;Pest-megye;;
Dusek István;/partner/dusek_istvan-14995;Pest-megye;;
E-Car;/partner/e-car-3633;Pest-megye;;
E-moci.hu Kft;/partner/e-mocihu_kft-18671;Pest-megye;;
Easy Van;/partner/easy_van-19536;Pest-megye;;
ECO-tech visiON Kft.;/partner/eco-tech_vision_kft-17805;Pest-megye;;
Együtt Garage Kft.;/partner/egyutt_garage_kft-12806;Pest-megye;;
EK AUTO HUNGARY Kft.;/partner/ek_auto_hungary_kft-18761;Pest-megye;;
Elektromobilitás Magyarország Kft.;/partner/elektromobilitas_magyarorszag_kft-19103;Pest-megye;;
ELMANAHRY Kft;/partner/elmanahry_kft-16973;Pest-megye;;
Er-Mobil Kft.;/partner/er-mobil_kft-112;Pest-megye;;
Ercsi Autó Kft.;/partner/ercsi_auto_kft-7818;Pest-megye;;
EU AUTÓUDVAR Kft.;/partner/eu_autoudvar_kft-19775;Pest-megye;;
ExpertCar Pro Kft.;/partner/expertcar_pro_kft-20256;Pest-megye;;
Ez Autó;/partner/ez_auto-14028;Pest-megye;;
F-Motorwagen Rent Kft.;/partner/f-motorwagen_rent_kft-17068;Pest-megye;;
FarkasCar-Autóbérlés;/partner/farkascar-autoberles-14160;Pest-megye;;
FB Car;/partner/fb_car-3766;Pest-megye;;
Fejős Car Kft.;/partner/fejos_car_kft-20053;Pest-megye;;
Fékusz Autó;/partner/fekusz_auto-19240;Pest-megye;;
Ferro-Breaker Kft.;/partner/ferro-breaker_kft-13904;Pest-megye;;
FGL Full 99 Kft;/partner/fgl_full_99_kft-9481;Pest-megye;;
Fleet Transport Kft.;/partner/fleet_transport_kft-16024;Pest-megye;;
Fő Úti Autókereskedés;/partner/fo_uti_autokereskedes-5987;Pest-megye;;
Ford Autóudvar - Mobil Invest Trade Kft.;/partner/ford_autoudvar_-_mobil_invest_trade_kft-8051;Pest-megye;;
Ford Hovány Szentendre;/partner/ford_hovany_szentendre-10409;Pest-megye;;
Ford Hovány Szentendre;/partner/ford_hovany_szentendre-10410;Pest-megye;;
Ford Solymár;/partner/ford_solymar-205;Pest-megye;;
Ford Solymár;/partner/ford_solymar-9355;Pest-megye;;
Fox Cars;/partner/fox_cars-15430;Pest-megye;;
Frédi-Béni Autócentrum-Szerviz-Peugeot-Kia;/partner/fredi-beni_autocentrum-szerviz-peugeot-kia-1274;Pest-megye;;
Fundamentor Kft.;/partner/fundamentor_kft-16060;Pest-megye;;
Furgon Pont Autóház;/partner/furgon_pont_autohaz-11263;Pest-megye;;
Gaál Autóház;/partner/gaal_autohaz-2696;Pest-megye;;
Gaál Autóház;/partner/gaal_autohaz-11208;Pest-megye;;
Gál Autócentrum;/partner/gal_autocentrum-2653;Pest-megye;;
Gamma Mobil Kft.;/partner/gamma_mobil_kft-10185;Pest-megye;;
GDZ AUTO Kft.;/partner/gdz_auto_kft-17819;Pest-megye;;
GFR Invest;/partner/gfr_invest-13549;Pest-megye;;
GIF MODUL Kft.;/partner/gif_modul_kft-20268;Pest-megye;;
Gigamachine Kft.;/partner/gigamachine_kft-18100;Pest-megye;;
Globalcar Flottakezelő Kft.;/partner/globalcar_flottakezelo_kft-16108;Pest-megye;;
Gödi Autóudvar;/partner/godi_autoudvar-1745;Pest-megye;;
Gödöllő Autóház;/partner/godollo_autohaz-1591;Pest-megye;;
Gold Bull Gépker;/partner/gold_bull_gepker-11385;Pest-megye;;
Gold-Sziget Kft.;/partner/gold-sziget_kft-19850;Pest-megye;;
Golfcar.eu golfkocsik;/partner/golfcareu_golfkocsik-19443;Pest-megye;;
Góman Autókereskedés;/partner/goman_autokereskedes-19431;Pest-megye;;
Gr.A Autóház;/partner/gra_autohaz-77;Pest-megye;;
Greenpro Zrt.;/partner/greenpro_zrt-18769;Pest-megye;;
Greff-Car;/partner/greff-car-18757;Pest-megye;;
GSRent;/partner/gsrent-20066;Pest-megye;;
GT Mobilpark Kft.;/partner/gt_mobilpark_kft-15435;Pest-megye;;
Gubadi Autopark Kft.;/partner/gubadi_autopark_kft-19101;Pest-megye;;
Gulygli-Car;/partner/gulygli-car-4960;Pest-megye;;
Guru-L Car;/partner/guru-l_car-16532;Pest-megye;;
GVL Virág;/partner/gvl_virag-16767;Pest-megye;;
H & H Trade Partner Kft.;/partner/h_h_trade_partner_kft-19420;Pest-megye;;
H-Serrano Kft;/partner/h-serrano_kft-17339;Pest-megye;;
Hajosziget.com Kft.;/partner/hajoszigetcom_kft-19607;Pest-megye;;
Hanák Autó Kft.;/partner/hanak_auto_kft-13056;Pest-megye;;
Hans Auto;/partner/hans_auto-18376;Pest-megye;;
Harmony Cars Kft.;/partner/harmony_cars_kft-16946;Pest-megye;;
Használt MX5;/partner/hasznalt_mx5-19307;Pest-megye;;
Használtautó Diósd;/partner/hasznaltauto_diosd-16100;Pest-megye;;
HEDEX AUTÓ;/partner/hedex_auto-17952;Pest-megye;;
Helén autóház Kft.;/partner/helen_autohaz_kft-19264;Pest-megye;;
HeMuSzi;/partner/hemuszi-1666;Pest-megye;;
Heni-Mobil Car Kft.;/partner/heni-mobil_car_kft-10571;Pest-megye;;
Hennindustry Építő Kft.;/partner/hennindustry_epito_kft-20094;Pest-megye;;
HMZeCars;/partner/hmzecars-19991;Pest-megye;;
Hobby Car;/partner/hobby_car-1293;Pest-megye;;
Hollakó Karaván Kft.;/partner/hollako_karavan_kft-10887;Pest-megye;;
Honda TS Integral;/partner/honda_ts_integral-6503;Pest-megye;;
Honda Wilker;/partner/honda_wilker-3835;Pest-megye;;
Honda Wilker Autók;/partner/honda_wilker_autok-14431;Pest-megye;;
Honda Wilker Új;/partner/honda_wilker_uj-3793;Pest-megye;;
Hovány Prémium Automotive Kft. Budaörs;/partner/hovany_premium_automotive_kft_budaors-15395;Pest-megye;;
Hrdts;/partner/hrdts-19657;Pest-megye;;
Hungarian Goods;/partner/hungarian_goods-20115;Pest-megye;;
Huntraco Zrt;/partner/huntraco_zrt-11569;Pest-megye;;
Hybrid Centrum;/partner/hybrid_centrum-10353;Pest-megye;;
Hyundai Dabas;/partner/hyundai_dabas-10018;Pest-megye;;
Hyundai Dabas;/partner/hyundai_dabas-10255;Pest-megye;;
HZS IMPORT Kft.;/partner/hzs_import_kft-17008;Pest-megye;;
Iker.Z. Autó Kft.;/partner/ikerz_auto_kft-14660;Pest-megye;;
IMPEX AUTOMARKET KFT.;/partner/impex_automarket_kft-11571;Pest-megye;;
Importőr Motorcenter Kft;/partner/importor_motorcenter_kft-19412;Pest-megye;;
Ineos Gablini;/partner/ineos_gablini-18406;Pest-megye;;
Inter Autóház Vác;/partner/inter_autohaz_vac-2018;Pest-megye;;
Inter Autóház Vác hyundai-KIA-Suzuki márkakeresked;/partner/inter_autohaz_vac_hyundai-kia-suzuki_markakeresked-5227;Pest-megye;;
Inter-Épfu Kft.;/partner/inter-epfu_kft-3041;Pest-megye;;
Interat Kft.;/partner/interat_kft-3356;Pest-megye;;
Iron Car Team Kft.;/partner/iron_car_team_kft-15773;Pest-megye;;
Iron Classic Motorcycle Kft.;/partner/iron_classic_motorcycle_kft-20311;Pest-megye;;
Jadeite Karát Car Kft.;/partner/jadeite_karat_car_kft-20254;Pest-megye;;
JAGAUTO66 Kft.;/partner/jagauto66_kft-12130;Pest-megye;;
Jäger Kft.;/partner/jager_kft-1874;Pest-megye;;
Jakab István (Nagykáta);/partner/jakab_istvan_nagykata-19788;Pest-megye;;
Jama Car Market Kft.;/partner/jama_car_market_kft-18596;Pest-megye;;
Jankó-Király Kft.;/partner/janko-kiraly_kft-19678;Pest-megye;;
Jansik Autóház Cegléd;/partner/jansik_autohaz_cegled-632;Pest-megye;;
Jansik Autóház Kft. Cegléd Suzuki Márkakereskedés;/partner/jansik_autohaz_kft_cegled_suzuki_markakereskedes-10592;Pest-megye;;
Jász-Plasztik Autócentrum - Fót;/partner/jasz-plasztik_autocentrum_-_fot-9410;Pest-megye;;
Jegesi Zsolt;/partner/jegesi_zsolt-19223;Pest-megye;;
Jet Fun Kft.;/partner/jet_fun_kft-15212;Pest-megye;;
Jet Power Hungary Kft.;/partner/jet_power_hungary_kft-13474;Pest-megye;;
JG FINANCE Kft.;/partner/jg_finance_kft-16576;Pest-megye;;
JL Autó Érd;/partner/jl_auto_erd-11508;Pest-megye;;
JP Auto – Fót (Mercedes-Benz VAN);/partner/jp_auto_-_fot_mercedes-benz_van-13492;Pest-megye;;
JP Auto – Fót (Mercedes-Benz, Kia);/partner/jp_auto_-_fot_mercedes-benz_kia-9411;Pest-megye;;
JPN Service Kft.;/partner/jpn_service_kft-17100;Pest-megye;;
Judge Mobil Kft.;/partner/judge_mobil_kft-15785;Pest-megye;;
Jum-Car Kft.;/partner/jum-car_kft-8877;Pest-megye;;
Just The Money;/partner/just_the_money-15978;Pest-megye;;
Kállay Autó;/partner/kallay_auto-12092;Pest-megye;;
Kaluz Autókereskedés Kft.;/partner/kaluz_autokereskedes_kft-16349;Pest-megye;;
Kanalas Tamás (Dány);/partner/kanalas_tamas_dany-19502;Pest-megye;;
KARÁCSONY TIBOR E.V.;/partner/karacsony_tibor_ev-20295;Pest-megye;;
Karmex Autókereskedelmi és Szolgáltató Kft;/partner/karmex_autokereskedelmi_es_szolgaltato_kft-18600;Pest-megye;;
Karzol Autó Kft.;/partner/karzol_auto_kft-13494;Pest-megye;;
Kat King Car Kft;/partner/kat_king_car_kft-20078;Pest-megye;;
Katalin Car Kft.;/partner/katalin_car_kft-19011;Pest-megye;;
Katlan Car Kft.;/partner/katlan_car_kft-19720;Pest-megye;;
Kia Zakar Cegléd;/partner/kia_zakar_cegled-2519;Pest-megye;;
KIMI Autóház Kft.;/partner/kimi_autohaz_kft-18149;Pest-megye;;
Kiss Autó;/partner/kiss_auto-18;Pest-megye;;
Kisvagány Bt.;/partner/kisvagany_bt-2688;Pest-megye;;
Kobela Autóudvar;/partner/kobela_autoudvar-816;Pest-megye;;
Kóczián Autó;/partner/koczian_auto-13315;Pest-megye;;
Kohl Gábor E.V.;/partner/kohl_gabor_ev-18865;Pest-megye;;
KOLLÁRIK AUTÓ;/partner/kollarik_auto-19898;Pest-megye;;
Kolompár László;/partner/kolompar_laszlo-19992;Pest-megye;;
KoNor Auto;/partner/konor_auto-18782;Pest-megye;;
Kotrogep.hu;/partner/kotrogephu-20262;Pest-megye;;
Kovács István E.V.;/partner/kovacs_istvan_ev-20192;Pest-megye;;
KPCar Kft.;/partner/kpcar_kft-19360;Pest-megye;;
KPR-Automotive Kft.;/partner/kpr-automotive_kft-11829;Pest-megye;;
Kretzlermoto;/partner/kretzlermoto-3366;Pest-megye;;
Kriszmoto;/partner/kriszmoto-2159;Pest-megye;;
Krone Trailer SE Kft.;/partner/krone_trailer_se_kft-10021;Pest-megye;;
Lakatos Rajmond;/partner/lakatos_rajmond-17552;Pest-megye;;
Lakihegy 2000 Truck;/partner/lakihegy_2000_truck-7197;Pest-megye;;
Lakos Autó;/partner/lakos_auto-209;Pest-megye;;
Leéb Róbert;/partner/leeb_robert-20304;Pest-megye;;
Lehoczki Építőipari Kft.;/partner/lehoczki_epitoipari_kft-19851;Pest-megye;;
Les Ildzsas;/partner/les_ildzsas-16955;Pest-megye;;
Levendula Autó Udvar;/partner/levendula_auto_udvar-2036;Pest-megye;;
Life Fleet Kft.;/partner/life_fleet_kft-17759;Pest-megye;;
LM CARS&MOTORS Kft.;/partner/lm_carsmotors_kft-18003;Pest-megye;;
Lőczi;/partner/loczi-20270;Pest-megye;;
Lőrinci Autópark;/partner/lorinci_autopark-6279;Pest-megye;;
LT Auto Kft.;/partner/lt_auto_kft-16325;Pest-megye;;
Lukács és Tamás Kft.;/partner/lukacs_es_tamas_kft-7664;Pest-megye;;
Lukács és Tamás Kft.;/partner/lukacs_es_tamas_kft-11761;Pest-megye;;
M3 autók;/partner/m3_autok-13756;Pest-megye;;
M5 Autoudvar;/partner/m5_autoudvar-18148;Pest-megye;;
Magabo;/partner/magabo-15509;Pest-megye;;
Magnum Marine;/partner/magnum_marine-16101;Pest-megye;;
MAN Kft.;/partner/man_kft-15222;Pest-megye;;
Manly;/partner/manly-17180;Pest-megye;;
Marina Operator Kft.;/partner/marina_operator_kft-19596;Pest-megye;;
Mazda Zakar Cegléd;/partner/mazda_zakar_cegled-2407;Pest-megye;;
MB Frühwirth Kft.;/partner/mb_fruhwirth_kft-19426;Pest-megye;;
Mea autókereskedés;/partner/mea_autokereskedes-19857;Pest-megye;;
Mega-Pro Hungary Kft.;/partner/mega-pro_hungary_kft-3877;Pest-megye;;
Megabontó;/partner/megabonto-13609;Pest-megye;;
Mercedes-Benz Hovány Budaörs;/partner/mercedes-benz_hovany_budaors-15662;Pest-megye;;
Mészáros M1 Mobilitás Center Kft.;/partner/meszaros_m1_mobilitas_center_kft-16273;Pest-megye;;
MG Gablini;/partner/mg_gablini-19807;Pest-megye;;
MHCS-Car Kft.;/partner/mhcs-car_kft-18868;Pest-megye;;
Mikont Trade Kft.;/partner/mikont_trade_kft-14617;Pest-megye;;
Milano Sunset 1910 Kft.;/partner/milano_sunset_1910_kft-17703;Pest-megye;;
MILCAR Kft.;/partner/milcar_kft-19192;Pest-megye;;
Minőségi Használt Opelek;/partner/minosegi_hasznalt_opelek-12374;Pest-megye;;
Miscanthus Line Kft.;/partner/miscanthus_line_kft-19032;Pest-megye;;
Mixemautó Kft.;/partner/mixemauto_kft-13683;Pest-megye;;
Mixy-Beton Kft;/partner/mixy-beton_kft-15237;Pest-megye;;
MLV-CAR;/partner/mlv-car-16675;Pest-megye;;
MongiCars;/partner/mongicars-18384;Pest-megye;;
MotoPro;/partner/motopro-20145;Pest-megye;;
Motoprof Cegléd;/partner/motoprof_cegled-9844;Pest-megye;;
Motorbest Kft.;/partner/motorbest_kft-19281;Pest-megye;;
Motorcenter 2005;/partner/motorcenter_2005-10889;Pest-megye;;
Motorcenter 2005 Kft.;/partner/motorcenter_2005_kft-5122;Pest-megye;;
Műszaki Szaki Autókereskedés;/partner/muszaki_szaki_autokereskedes-7065;Pest-megye;;
N2 Autópark;/partner/n2_autopark-18094;Pest-megye;;
Nagy Krisztián;/partner/nagy_krisztian-11994;Pest-megye;;
Nagykáta Autókereskedés;/partner/nagykata_autokereskedes-271;Pest-megye;;
Navik Integra Kft;/partner/navik_integra_kft-19092;Pest-megye;;
NDH Europa Invest Kft.;/partner/ndh_europa_invest_kft-17758;Pest-megye;;
Need Cars Kft.;/partner/need_cars_kft-10678;Pest-megye;;
Németh István;/partner/nemeth_istvan-19675;Pest-megye;;
Németh-Autó Kft.;/partner/nemeth-auto_kft-17881;Pest-megye;;
Nex-T Car Kft.;/partner/nex-t_car_kft-3072;Pest-megye;;
Nextgencar;/partner/nextgencar-19416;Pest-megye;;
NGEV;/partner/ngev-18174;Pest-megye;;
Nissan Solymár(Solymár-Szalay Kft.);/partner/nissan_solymarsolymar-szalay_kft-17147;Pest-megye;;
No-Limit 98 Kft.;/partner/no-limit_98_kft-18510;Pest-megye;;
Noirmatik;/partner/noirmatik-16280;Pest-megye;;
Nomi Food Kft.;/partner/nomi_food_kft-19591;Pest-megye;;
Nope Service Kft.;/partner/nope_service_kft-20238;Pest-megye;;
Nyitrai Zoltán;/partner/nyitrai_zoltan-17930;Pest-megye;;
O'H Aire Kft.;/partner/oh_aire_kft-20276;Pest-megye;;
Octo-Car Kft.;/partner/octo-car_kft-19052;Pest-megye;;
Oldtimerbusiness;/partner/oldtimerbusiness-19740;Pest-megye;;
Omega Auto Center Kft.;/partner/omega_auto_center_kft-5389;Pest-megye;;
OPAL CAR Kft;/partner/opal_car_kft-18286;Pest-megye;;
Opel Fábián Budaörs;/partner/opel_fabian_budaors-938;Pest-megye;;
Opel Fábián Budaörs;/partner/opel_fabian_budaors-14321;Pest-megye;;
Opel Gyulai Cegléd;/partner/opel_gyulai_cegled-2605;Pest-megye;;
Opel Sziget;/partner/opel_sziget-14127;Pest-megye;;
Opticar Kft;/partner/opticar_kft-100;Pest-megye;;
Oscar66auto Kft.;/partner/oscar66auto_kft-12860;Pest-megye;;
Oxicar;/partner/oxicar-18407;Pest-megye;;
P.A.P. Kft;/partner/pap_kft-17433;Pest-megye;;
Pallag Cars;/partner/pallag_cars-16196;Pest-megye;;
Palyov Anikó;/partner/palyov_aniko-20245;Pest-megye;;
Pannon Szerviz Plusz Kft.;/partner/pannon_szerviz_plusz_kft-19688;Pest-megye;;
Papp Autó Kft.;/partner/papp_auto_kft-9252;Pest-megye;;
Passion Car Kft.;/partner/passion_car_kft-11663;Pest-megye;;
Patent-Zone Kft.;/partner/patent-zone_kft-18225;Pest-megye;;
Patrik E.V.;/partner/patrik_ev-20095;Pest-megye;;
Pe-Ge Trans Kft.;/partner/pe-ge_trans_kft-6957;Pest-megye;;
Petiauto.hu;/partner/petiautohu-206;Pest-megye;;
Petit Forestier Magyarország;/partner/petit_forestier_magyarorszag-20076;Pest-megye;;
Peugeot Fábián Budaörs;/partner/peugeot_fabian_budaors-19273;Pest-megye;;
Peugeot, Hyundai Pé-Ta Kft.;/partner/peugeot_hyundai_pe-ta_kft-1560;Pest-megye;;
Pilisrent Utánfutók, Trélerek, Bérautók;/partner/pilisrent_utanfutok_trelerek_berautok-14972;Pest-megye;;
Platinum Consulting Partner Kft.;/partner/platinum_consulting_partner_kft-19853;Pest-megye;;
PM Perpetuum Mobile Kft;/partner/pm_perpetuum_mobile_kft-7370;Pest-megye;;
PM Vác Peugeot Ford;/partner/pm_vac_peugeot_ford-17914;Pest-megye;;
Pöcc Röff Bt.;/partner/pocc_roff_bt-16608;Pest-megye;;
POLISH-CAR Kft.;/partner/polish-car_kft-16493;Pest-megye;;
POLLTOM BMW Szakszervíz;/partner/polltom_bmw_szakszerviz-20306;Pest-megye;;
Pomáz Autó;/partner/pomaz_auto-15279;Pest-megye;;
Povázsai Csaba E.V.;/partner/povazsai_csaba_ev-17333;Pest-megye;;
Preformo Kft.;/partner/preformo_kft-15721;Pest-megye;;
Preisz Autópark Kft.;/partner/preisz_autopark_kft-11645;Pest-megye;;
PremierAuto;/partner/premierauto-9550;Pest-megye;;
Prémium Line Kft.;/partner/premium_line_kft-14515;Pest-megye;;
Premium Rent Car;/partner/premium_rent_car-17600;Pest-megye;;
Prime Car Trader Kft.;/partner/prime_car_trader_kft-14112;Pest-megye;;
PT Prémium Car;/partner/pt_premium_car-18509;Pest-megye;;
Quad Bázis Team Kft.;/partner/quad_bazis_team_kft-20151;Pest-megye;;
Quadcentrum;/partner/quadcentrum-12639;Pest-megye;;
Quadcentrum;/partner/quadcentrum-14657;Pest-megye;;
Rack Autó Budaörs;/partner/rack_auto_budaors-83;Pest-megye;;
Rack Auto Mini;/partner/rack_auto_mini-17537;Pest-megye;;
Rack Autó Szalonautó;/partner/rack_auto_szalonauto-6540;Pest-megye;;
Rácz Krisztina;/partner/racz_krisztina-19140;Pest-megye;;
RAFIX Autókereskedelmi Kft.;/partner/rafix_autokereskedelmi_kft-17459;Pest-megye;;
RC Kft.;/partner/rc_kft-13130;Pest-megye;;
Real Car Company Kft;/partner/real_car_company_kft-19435;Pest-megye;;
Red Baron;/partner/red_baron-6834;Pest-megye;;
Réder ART Kft.;/partner/reder_art_kft-16715;Pest-megye;;
Rekord Kft.;/partner/rekord_kft-20210;Pest-megye;;
Renault Békési;/partner/renault_bekesi-2451;Pest-megye;;
Renault Békési Gödöllő;/partner/renault_bekesi_godollo-286;Pest-megye;;
Renault Cegléd;/partner/renault_cegled-8716;Pest-megye;;
Renault ST-Mobile;/partner/renault_st-mobile-494;Pest-megye;;
RENAULT Tamás Autó Kft.;/partner/renault_tamas_auto_kft-2399;Pest-megye;;
Renault Tamás Autó Vác;/partner/renault_tamas_auto_vac-213;Pest-megye;;
Renault-Dacia Fábián Budaörs;/partner/renault-dacia_fabian_budaors-19167;Pest-megye;;
RETRO-Line Car;/partner/retro-line_car-10689;Pest-megye;;
Revion Fleet;/partner/revion_fleet-20100;Pest-megye;;
RMC Motor;/partner/rmc_motor-9114;Pest-megye;;
Robicar;/partner/robicar-19949;Pest-megye;;
Roboti-Auto Kft.;/partner/roboti-auto_kft-9664;Pest-megye;;
Rock-Mobile Kft.;/partner/rock-mobile_kft-19656;Pest-megye;;
Rollcar Credit Kft.;/partner/rollcar_credit_kft-376;Pest-megye;;
RS Performance Team Kft.;/partner/rs_performance_team_kft-17818;Pest-megye;;
SADE AUTÓ;/partner/sade_auto-18178;Pest-megye;;
SANDI-KER Kft.;/partner/sandi-ker_kft-20091;Pest-megye;;
Scania Hungária Kft. - Biatorbágy;/partner/scania_hungaria_kft_-_biatorbagy-367;Pest-megye;;
Sec-Benz Autókereskedés;/partner/sec-benz_autokereskedes-16162;Pest-megye;;
SEL-LUX Hungary;/partner/sel-lux_hungary-19569;Pest-megye;;
SF Car Company;/partner/sf_car_company-18389;Pest-megye;;
Siba Car Kft.;/partner/siba_car_kft-19402;Pest-megye;;
Skoda Patócs Autóház Kft.;/partner/skoda_patocs_autohaz_kft-79;Pest-megye;;
Skull Cars Kft.;/partner/skull_cars_kft-19661;Pest-megye;;
Smart Tehergépkocsi Kft.;/partner/smart_tehergepkocsi_kft-19905;Pest-megye;;
Sonny Car Kft;/partner/sonny_car_kft-11052;Pest-megye;;
SpecAuto Kft.;/partner/specauto_kft-17550;Pest-megye;;
Spring Cars;/partner/spring_cars-19028;Pest-megye;;
Standauto;/partner/standauto-679;Pest-megye;;
Star Line Autó;/partner/star_line_auto-19771;Pest-megye;;
Supertyre;/partner/supertyre-20170;Pest-megye;;
Suplimum Bt.;/partner/suplimum_bt-19883;Pest-megye;;
Suzuki Szeleczky Új;/partner/suzuki_szeleczky_uj-6938;Pest-megye;;
Suzuki Világ;/partner/suzuki_vilag-2655;Pest-megye;;
Szabó Zsolt (Ócsa);/partner/szabo_zsolt_ocsa-19855;Pest-megye;;
Szada Autopark;/partner/szada_autopark-19756;Pest-megye;;
Számbrizs Kft.;/partner/szambrizs_kft-18927;Pest-megye;;
Szasacar Zrt.;/partner/szasacar_zrt-16692;Pest-megye;;
Szatmári Transport Kft.;/partner/szatmari_transport_kft-19301;Pest-megye;;
Szavatol Kft;/partner/szavatol_kft-2681;Pest-megye;;
Szekeres Motor Kft.;/partner/szekeres_motor_kft-6830;Pest-megye;;
Szeleczky - SBA Car Fót;/partner/szeleczky_-_sba_car_fot-10309;Pest-megye;;
Széll-Autó;/partner/szell-auto-130;Pest-megye;;
Sziget Autópark;/partner/sziget_autopark-5234;Pest-megye;;
SZIGETSZENTMIKLÓS VÁROS ÖNKORMÁNYZATA;/partner/szigetszentmiklos_varos_onkormanyzata-20250;Pest-megye;;
Szivárvány Autókert;/partner/szivarvany_autokert-15162;Pest-megye;;
Szuper Car Kft.;/partner/szuper_car_kft-14003;Pest-megye;;
T-Modell Group Kft;/partner/t-modell_group_kft-19877;Pest-megye;;
Tandem Plussz Kft.;/partner/tandem_plussz_kft-15567;Pest-megye;;
Tápióbicske Autókereskedés;/partner/tapiobicske_autokereskedes-1286;Pest-megye;;
Targonax Kft;/partner/targonax_kft-18320;Pest-megye;;
TecHr Invest Kft;/partner/techr_invest_kft-19947;Pest-megye;;
Teljeskörű Gépjármű Ügyintézés - Aradán János e.v.;/partner/teljeskoru_gepjarmu_ugyintezes_-_aradan_janos_ev-20283;Pest-megye;;
TERRA Hungária Kft.;/partner/terra_hungaria_kft-11742;Pest-megye;;
Tesztelek Maxim;/partner/tesztelek_maxim-19702;Pest-megye;;
THERMO ÉPGÉP Kft.;/partner/thermo_epgep_kft-18361;Pest-megye;;
Tiger-Autó Kft;/partner/tiger-auto_kft-20199;Pest-megye;;
Timár Vaskereskedelmi Kft.;/partner/timar_vaskereskedelmi_kft-19902;Pest-megye;;
Tokyo Auto;/partner/tokyo_auto-19048;Pest-megye;;
Top Autopark;/partner/top_autopark-13985;Pest-megye;;
Top Hibrid Cars;/partner/top_hibrid_cars-16435;Pest-megye;;
Tópark Cars;/partner/topark_cars-19185;Pest-megye;;
Torbágy-Kert Kft.;/partner/torbagy-kert_kft-18375;Pest-megye;;
Törött Autó Mogyoród;/partner/torott_auto_mogyorod-16908;Pest-megye;;
Total Max-on Kft.;/partner/total_max-on_kft-19487;Pest-megye;;
Toyota Kovács;/partner/toyota_kovacs-1969;Pest-megye;;
Toyota Kovács Monor;/partner/toyota_kovacs_monor-10364;Pest-megye;;
Toyota Mayer;/partner/toyota_mayer-7534;Pest-megye;;
Toyota Mayer Budakeszi;/partner/toyota_mayer_budakeszi-273;Pest-megye;;
Toyota Mayer Pilisvörösvár;/partner/toyota_mayer_pilisvorosvar-591;Pest-megye;;
Trailer Centrum Hungary Kft.;/partner/trailer_centrum_hungary_kft-15995;Pest-megye;;
Trailer Team Hungary;/partner/trailer_team_hungary-9980;Pest-megye;;
Trailermax Utánfutó és Alumíniumrámpa Ker. Kft;/partner/trailermax_utanfuto_es_aluminiumrampa_ker_kft-1981;Pest-megye;;
Tribeca Kft.;/partner/tribeca_kft-14216;Pest-megye;;
Triplex Targo;/partner/triplex_targo-19183;Pest-megye;;
Trolee Auto Kft.;/partner/trolee_auto_kft-17330;Pest-megye;;
Trskln Invest Kft.;/partner/trskln_invest_kft-20027;Pest-megye;;
TRT Europe Kft.;/partner/trt_europe_kft-16235;Pest-megye;;
Truck Force One Kft.;/partner/truck_force_one_kft-19988;Pest-megye;;
Tükörhegy Autó;/partner/tukorhegy_auto-19467;Pest-megye;;
Tuszinka Car Kft;/partner/tuszinka_car_kft-19177;Pest-megye;;
Ürömi Merci KFT.;/partner/uromi_merci_kft-19815;Pest-megye;;
Usa Cars and Parts Dunakeszi;/partner/usa_cars_and_parts_dunakeszi-19521;Pest-megye;;
Used2Car Kft.;/partner/used2car_kft-19125;Pest-megye;;
V.G.AUTÓK;/partner/vgautok-16985;Pest-megye;;
Veresgép Kft.;/partner/veresgep_kft-16179;Pest-megye;;
Veresifuto;/partner/veresifuto-16355;Pest-megye;;
Viking Car Box;/partner/viking_car_box-17263;Pest-megye;;
Volcar Kft.;/partner/volcar_kft-20209;Pest-megye;;
Volmer Truck;/partner/volmer_truck-14093;Pest-megye;;
Volvo Hungária Kft.;/partner/volvo_hungaria_kft-3684;Pest-megye;;
VONTAT6 Kft.;/partner/vontat6_kft-18901;Pest-megye;;
Vörösvári Transport Kft.;/partner/vorosvari_transport_kft-20248;Pest-megye;;
WeDo Technologies Kft.;/partner/wedo_technologies_kft-20004;Pest-megye;;
WeekendCenter Kft. /Használtautó/;/partner/weekendcenter_kft_hasznaltauto-11554;Pest-megye;;
WeekendCenter Kft. /Szalonautó/;/partner/weekendcenter_kft_szalonauto-11427;Pest-megye;;
Weiland Autó Kft.;/partner/weiland_auto_kft-151;Pest-megye;;
West TransConstruct;/partner/west_transconstruct-18935;Pest-megye;;
WhatsRent Kft.;/partner/whatsrent_kft-19270;Pest-megye;;
Wilu Kft.;/partner/wilu_kft-1544;Pest-megye;;
Wolf Autópark;/partner/wolf_autopark-15458;Pest-megye;;
Wolf Garage Kft.;/partner/wolf_garage_kft-18086;Pest-megye;;
Work Car;/partner/work_car-15791;Pest-megye;;
YoungTimerCar;/partner/youngtimercar-18297;Pest-megye;;
Zakar Cegléd Isuzu;/partner/zakar_cegled_isuzu-10629;Pest-megye;;
Zakar Cegléd Ssangyong;/partner/zakar_cegled_ssangyong-10627;Pest-megye;;
Zakar Használtautó;/partner/zakar_hasznaltauto-456;Pest-megye;;
Zala-Truck Kft;/partner/zala-truck_kft-8193;Pest-megye;;
Zo-Ro Car Kft.;/partner/zo-ro_car_kft-6044;Pest-megye;;
Zolyomi Autó;/partner/zolyomi_auto-14649;Pest-megye;;
Zsolczai Autó;/partner/zsolczai_auto-1481;Pest-megye;;