"Kereskedés neve",URL
"1By Car",/partner/1by_car-14364
300autó,/partner/300auto-14624
"4-Motors Kft.",/partner/4-motors_kft-197
"AB-Kár Kft.",/partner/ab-kar_kft-1268
"ÁBD TEMPO LINE Kft.",/partner/abd_tempo_line_kft-20090
"ABSOLUT C Partner Kft",/partner/absolut_c_partner_kft-19336
"Abszolút Autó Solymár",/partner/abszolut_auto_solymar-1346
"ACTIWAY Kft.",/partner/actiway_kft-18947
ADMAutoKft,/partner/admautokft-16152
"Afit Autócentrum Kft.",/partner/afit_autocentrum_kft-1343
"Ala Major Kft.",/partner/ala_major_kft-14310
"Alfa Romeo Shop",/partner/alfa_romeo_shop-9027
"Alfa-Wintrade Kft.",/partner/alfa-wintrade_kft-10011
"Alonzo-Cars Dunakeszi",/partner/alonzo-cars_dunakeszi-19659
"Ambulanz Mobile Hungary Kft.",/partner/ambulanz_mobile_hungary_kft-20149
"Amerikai Vasak (Solymár Szalay Kft.)",/partner/amerikai_vasak_solymar_szalay_kft-17521
Anssems.com,/partner/anssemscom-17118
"AR Motive",/partner/ar_motive-17499
"Art Escape Autópark",/partner/art_escape_autopark-726
"AS Service& Sales Kft.",/partner/as_service_sales_kft-18850
"ATE-Eszközkezelő Kft.",/partner/ate-eszkozkezelo_kft-11960
"Ati Best Car Kft.",/partner/ati_best_car_kft-20244
Atimoto,/partner/atimoto-9688
"Authentic Garage Kft.",/partner/authentic_garage_kft-19726
"Auto 812",/partner/auto_812-904
"Autó Akadémia",/partner/auto_akademia-12613
"Autó Árendás Kft.",/partner/auto_arendas_kft-1401
"Autó Centrum Vác",/partner/auto_centrum_vac-725
"Auto Emporium Kft.",/partner/auto_emporium_kft-19109
"Autó Galéria",/partner/auto_galeria-16345
"Autó Gemelli Kft.",/partner/auto_gemelli_kft-15331
"Auto Legend Kft",/partner/auto_legend_kft-16756
Autó-Állomás,/partner/auto-allomas-14606
"Autó-Halas Használtautó-szalon",/partner/auto-halas_hasznaltauto-szalon-59
"Auto-Moto Zone Kft",/partner/auto-moto_zone_kft-16342
"Autó-Solymár Kft.",/partner/auto-solymar_kft-18452
"AUTÓ-TOKÁN Kft.",/partner/auto-tokan_kft-1386
"Autó-Z7 Kft.",/partner/auto-z7_kft-18609
Autóbatta,/partner/autobatta-9488
AutoCar,/partner/autocar-19747
"Autócentrum Szabó Kft.",/partner/autocentrum_szabo_kft-2522
"Autócentrum Törökbálint by B&H",/partner/autocentrum_torokbalint_by_bh-20174
Autódiszkont,/partner/autodiszkont-8750
"Autoking-Record Kft.",/partner/autoking-record_kft-12666
"Autókommandó Kft.",/partner/autokommando_kft-20282
"Autókozmetika Tura",/partner/autokozmetika_tura-6093
"AutoMall - Demó és bemutatóautók",/partner/automall_-_demo_es_bemutatoautok-3500
"Autonom Hungary Kft.",/partner/autonom_hungary_kft-19979
AutóPlatz,/partner/autoplatz-19763
"AUTOPOINT BUDAPEST 4x4",/partner/autopoint_budapest_4x4-13824
"Autópont BK",/partner/autopont_bk-16840
AUTOTREDER,/partner/autotreder-16044
"Autóvár K & K Kft.",/partner/autovar_k_k_kft-581
AutoVargas,/partner/autovargas-18694
"Autovision Gödöllő",/partner/autovision_godollo-1151
"AutoZenGarden Kft.",/partner/autozengarden_kft-19842
"Ayvens Magyarország (Leaseplan)",/partner/ayvens_magyarorszag_leaseplan-15337
"AZIM autóház Kft.",/partner/azim_autohaz_kft-20084
"Azur Mobil Kft.",/partner/azur_mobil_kft-14234
"B Euro Car Kft.",/partner/b_euro_car_kft-16299
"B-Konvoj Kft.",/partner/b-konvoj_kft-11812
"B&H Monitoring Kft.",/partner/bh_monitoring_kft-15099
"B2 Autóudvar",/partner/b2_autoudvar-20041
"Balance Car",/partner/balance_car-14839
"Bara Autóház",/partner/bara_autohaz-10397
"Bara Autópark",/partner/bara_autopark-13809
"BARAKTO-BEST Kft.",/partner/barakto-best_kft-18176
"BARNI-AUTÓ Kft.",/partner/barni-auto_kft-15398
"Bau-Trans 2000 Kft",/partner/bau-trans_2000_kft-3077
"Bavarian Classics",/partner/bavarian_classics-11658
"Bavarian Classics",/partner/bavarian_classics-17020
"BDPST Prémium Kft.",/partner/bdpst_premium_kft-20022
Becsületesnepper,/partner/becsuletesnepper-10129
"Becz Ádám",/partner/becz_adam-19079
"BeneluxCars Hungary",/partner/beneluxcars_hungary-17782
"Beratti Motors Kft",/partner/beratti_motors_kft-16543
"Bérgépcentrum Kft. - Nagytarcsa",/partner/bergepcentrum_kft_-_nagytarcsa-15098
"Beri Car House BT.",/partner/beri_car_house_bt-19640
"Berinder Solution Kft.",/partner/berinder_solution_kft-19952
"Beskid-Car Kft.",/partner/beskid-car_kft-6713
"Bespoke Concept Zrt.",/partner/bespoke_concept_zrt-20280
"Best Best Kft.",/partner/best_best_kft-19272
"Best Marine Kft.",/partner/best_marine_kft-19328
"BEV Cars",/partner/bev_cars-19588
"BÉVK Imperial Kft.",/partner/bevk_imperial_kft-1783
"BMW Hungary Kft.",/partner/bmw_hungary_kft-19965
"Borneo Apparel Kft.",/partner/borneo_apparel_kft-16311
"BRABUS MANSORY AUTOPOINT BUDAPEST",/partner/brabus_mansory_autopoint_budapest-17568
"Brassó Autóudvar",/partner/brasso_autoudvar-10403
"Brentor Kft.",/partner/brentor_kft-10744
"BROCARS 2016",/partner/brocars_2016-14121
"BRS Car Újhartyán",/partner/brs_car_ujhartyan-14021
"Buggy Car",/partner/buggy_car-14249
"BVZ Off-Road",/partner/bvz_off-road-19449
"C & B Kft",/partner/c_b_kft-17221
"CALIDADCAR Kereskedelmi Kft.",/partner/calidadcar_kereskedelmi_kft-20137
"Car and Spa",/partner/car_and_spa-14902
"Car-Éra Kft.",/partner/car-era_kft-3559
"Car-Éra Kft.(kieg)",/partner/car-era_kftkieg-19895
"Car-Garage Kft",/partner/car-garage_kft-7561
"Car-Six Kft.",/partner/car-six_kft-16184
"Car-Tune Kft.",/partner/car-tune_kft-12934
"Cargorent Kft.",/partner/cargorent_kft-19565
"CarNet Autóház - Alfa Romeo, Citroën, Fiat, Fiat P",/partner/carnet_autohaz_-_alfa_romeo_citroen_fiat_fiat_p-7004
"CarNet Autóház; Budaörs",/partner/carnet_autohaz_budaors-2275
"CarNet Triplex – Alpine, Dacia, Opel, Renault; Bud",/partner/carnet_triplex_-_alpine_dacia_opel_renault_bud-10912
"CarNet Triplex; Budakalász",/partner/carnet_triplex_budakalasz-3548
"CarPoint Nagykőrös",/partner/carpoint_nagykoros-17937
CARTECUM-Budaörs,/partner/cartecum-budaors-7655
"Cartel Automobile Kft.",/partner/cartel_automobile_kft-20220
"Cebb  Kft.",/partner/cebb_kft-16431
"Ceglédi Autóház Kft",/partner/cegledi_autohaz_kft-16140
"Ceglédi Autóház Kft.",/partner/cegledi_autohaz_kft-277
"Ceglédi Kubu",/partner/cegledi_kubu-16269
"Champion Car Kft.",/partner/champion_car_kft-15919
"Chery M3 (Solymár Szalay)",/partner/chery_m3_solymar_szalay-19845
"Chery M3 Solymár (Solymár-Szalay Kft.)",/partner/chery_m3_solymar_solymar-szalay_kft-19868
"Christin Mobil Kft.",/partner/christin_mobil_kft-19164
"Citroen Sipos",/partner/citroen_sipos-18414
"Citroen Sipos Kft.",/partner/citroen_sipos_kft-1128
"Clevi Car Kft.",/partner/clevi_car_kft-12242
Clickauto,/partner/clickauto-10327
"Corner Autópark",/partner/corner_autopark-19275
"Csodacsacsi Trade Kft.",/partner/csodacsacsi_trade_kft-20042
Csónakutánfutó,/partner/csonakutanfuto-17803
"DA'CAR Autoudvar",/partner/dacar_autoudvar-13442
"Dan-Rol Fleet",/partner/dan-rol_fleet-20051
"Danan Euro Car",/partner/danan_euro_car-17558
"Danubia Motors",/partner/danubia_motors-15027
"Das WeltAuto Centrum Budaörs",/partner/das_weltauto_centrum_budaors-17144
"Deal Autó",/partner/deal_auto-19866
"Dei Ventus Auto",/partner/dei_ventus_auto-11551
Delta-Truck,/partner/delta-truck-17575
"Delta-Truck Kft.",/partner/delta-truck_kft-3215
"Delta-Truck Kft.",/partner/delta-truck_kft-3277
"Demeter Attila E.V.",/partner/demeter_attila_ev-18884
"Demeter Renátó",/partner/demeter_renato-18836
"Di-Fer Autócsoport - Használtautók",/partner/di-fer_autocsoport_-_hasznaltautok-134
"Di-Fer Autócsoport - Új Autók",/partner/di-fer_autocsoport_-_uj_autok-10716
"Diósd Lakókocsik",/partner/diosd_lakokocsik-18917
"Diósdi Használtautó Kft.",/partner/diosdi_hasznaltauto_kft-19985
"Doman Daru",/partner/doman_daru-7811
Domiautó,/partner/domiauto-13454
"DOMRÁD Kft.",/partner/domrad_kft-19081
"Dongfeng Szalon M7 Érd",/partner/dongfeng_szalon_m7_erd-20265
"Doór Ferenc",/partner/door_ferenc-937
"Dream Automobile Kft.",/partner/dream_automobile_kft-19679
"Ducati Cegléd",/partner/ducati_cegled-7565
"Dudi Car",/partner/dudi_car-14244
"Duett Mobil Kft.",/partner/duett_mobil_kft-7777
"DUNAGÉP Zrt.",/partner/dunagep_zrt-20259
"Dunakanyar Verda Kft.",/partner/dunakanyar_verda_kft-11222
"DUO-H Kft",/partner/duo-h_kft-19440
"Dusek István",/partner/dusek_istvan-14995
E-Car,/partner/e-car-3633
"E-moci.hu Kft",/partner/e-mocihu_kft-18671
"Easy Van",/partner/easy_van-19536
"ECO-tech visiON Kft.",/partner/eco-tech_vision_kft-17805
"Együtt Garage Kft.",/partner/egyutt_garage_kft-12806
"EK AUTO HUNGARY Kft.",/partner/ek_auto_hungary_kft-18761
"Elektromobilitás Magyarország Kft.",/partner/elektromobilitas_magyarorszag_kft-19103
"ELMANAHRY Kft",/partner/elmanahry_kft-16973
"Er-Mobil Kft.",/partner/er-mobil_kft-112
"Ercsi Autó Kft.",/partner/ercsi_auto_kft-7818
"EU AUTÓUDVAR Kft.",/partner/eu_autoudvar_kft-19775
"ExpertCar Pro Kft.",/partner/expertcar_pro_kft-20256
"Ez Autó",/partner/ez_auto-14028
"F-Motorwagen Rent Kft.",/partner/f-motorwagen_rent_kft-17068
FarkasCar-Autóbérlés,/partner/farkascar-autoberles-14160
"FB Car",/partner/fb_car-3766
"Fejős Car Kft.",/partner/fejos_car_kft-20053
"Fékusz Autó",/partner/fekusz_auto-19240
"Ferro-Breaker Kft.",/partner/ferro-breaker_kft-13904
"FGL Full 99 Kft",/partner/fgl_full_99_kft-9481
"Fleet Transport Kft.",/partner/fleet_transport_kft-16024
"Fő Úti Autókereskedés",/partner/fo_uti_autokereskedes-5987
"Ford Autóudvar - Mobil Invest Trade Kft.",/partner/ford_autoudvar_-_mobil_invest_trade_kft-8051
"Ford Hovány Szentendre",/partner/ford_hovany_szentendre-10409
"Ford Hovány Szentendre",/partner/ford_hovany_szentendre-10410
"Ford Solymár",/partner/ford_solymar-205
"Ford Solymár",/partner/ford_solymar-9355
"Fox Cars",/partner/fox_cars-15430
"Frédi-Béni Autócentrum-Szerviz-Peugeot-Kia",/partner/fredi-beni_autocentrum-szerviz-peugeot-kia-1274
"Fundamentor Kft.",/partner/fundamentor_kft-16060
"Furgon Pont Autóház",/partner/furgon_pont_autohaz-11263
"Gaál Autóház",/partner/gaal_autohaz-2696
"Gaál Autóház",/partner/gaal_autohaz-11208
"Gál Autócentrum",/partner/gal_autocentrum-2653
"Gamma Mobil Kft.",/partner/gamma_mobil_kft-10185
"GDZ AUTO Kft.",/partner/gdz_auto_kft-17819
"GFR Invest",/partner/gfr_invest-13549
"GIF MODUL Kft.",/partner/gif_modul_kft-20268
"Gigamachine Kft.",/partner/gigamachine_kft-18100
"Globalcar Flottakezelő Kft.",/partner/globalcar_flottakezelo_kft-16108
"Gödi Autóudvar",/partner/godi_autoudvar-1745
"Gödöllő Autóház",/partner/godollo_autohaz-1591
"Gold Bull Gépker",/partner/gold_bull_gepker-11385
"Gold-Sziget Kft.",/partner/gold-sziget_kft-19850
"Golfcar.eu golfkocsik",/partner/golfcareu_golfkocsik-19443
"Góman Autókereskedés",/partner/goman_autokereskedes-19431
"Gr.A Autóház",/partner/gra_autohaz-77
"Greenpro Zrt.",/partner/greenpro_zrt-18769
Greff-Car,/partner/greff-car-18757
GSRent,/partner/gsrent-20066
"GT Mobilpark Kft.",/partner/gt_mobilpark_kft-15435
"Gubadi Autopark Kft.",/partner/gubadi_autopark_kft-19101
Gulygli-Car,/partner/gulygli-car-4960
"Guru-L Car",/partner/guru-l_car-16532
"GVL Virág",/partner/gvl_virag-16767
"H & H Trade Partner Kft.",/partner/h_h_trade_partner_kft-19420
"H-Serrano Kft",/partner/h-serrano_kft-17339
"Hajosziget.com Kft.",/partner/hajoszigetcom_kft-19607
"Hanák Autó Kft.",/partner/hanak_auto_kft-13056
"Hans Auto",/partner/hans_auto-18376
"Harmony Cars Kft.",/partner/harmony_cars_kft-16946
"Használt MX5",/partner/hasznalt_mx5-19307
"Használtautó Diósd",/partner/hasznaltauto_diosd-16100
"HEDEX AUTÓ",/partner/hedex_auto-17952
"Helén autóház Kft.",/partner/helen_autohaz_kft-19264
HeMuSzi,/partner/hemuszi-1666
"Heni-Mobil Car Kft.",/partner/heni-mobil_car_kft-10571
"Hennindustry Építő Kft.",/partner/hennindustry_epito_kft-20094
HMZeCars,/partner/hmzecars-19991
"Hobby Car",/partner/hobby_car-1293
"Hollakó Karaván Kft.",/partner/hollako_karavan_kft-10887
"Honda TS Integral",/partner/honda_ts_integral-6503
"Honda Wilker",/partner/honda_wilker-3835
"Honda Wilker Autók",/partner/honda_wilker_autok-14431
"Honda Wilker Új",/partner/honda_wilker_uj-3793
"Hovány Prémium Automotive Kft. Budaörs",/partner/hovany_premium_automotive_kft_budaors-15395
Hrdts,/partner/hrdts-19657
"Hungarian Goods",/partner/hungarian_goods-20115
"Huntraco Zrt",/partner/huntraco_zrt-11569
"Hybrid Centrum",/partner/hybrid_centrum-10353
"Hyundai Dabas",/partner/hyundai_dabas-10018
"Hyundai Dabas",/partner/hyundai_dabas-10255
"HZS IMPORT Kft.",/partner/hzs_import_kft-17008
"Iker.Z. Autó Kft.",/partner/ikerz_auto_kft-14660
"IMPEX AUTOMARKET KFT.",/partner/impex_automarket_kft-11571
"Importőr Motorcenter Kft",/partner/importor_motorcenter_kft-19412
"Ineos Gablini",/partner/ineos_gablini-18406
"Inter Autóház Vác",/partner/inter_autohaz_vac-2018
"Inter Autóház Vác hyundai-KIA-Suzuki márkakeresked",/partner/inter_autohaz_vac_hyundai-kia-suzuki_markakeresked-5227
"Inter-Épfu Kft.",/partner/inter-epfu_kft-3041
"Interat Kft.",/partner/interat_kft-3356
"Iron Car Team Kft.",/partner/iron_car_team_kft-15773
"Iron Classic Motorcycle Kft.",/partner/iron_classic_motorcycle_kft-20311
"Jadeite Karát Car Kft.",/partner/jadeite_karat_car_kft-20254
"JAGAUTO66 Kft.",/partner/jagauto66_kft-12130
"Jäger Kft.",/partner/jager_kft-1874
"Jakab István (Nagykáta)",/partner/jakab_istvan_nagykata-19788
"Jama Car Market Kft.",/partner/jama_car_market_kft-18596
"Jankó-Király Kft.",/partner/janko-kiraly_kft-19678
"Jansik Autóház Cegléd",/partner/jansik_autohaz_cegled-632
"Jansik Autóház Kft. Cegléd Suzuki Márkakereskedés",/partner/jansik_autohaz_kft_cegled_suzuki_markakereskedes-10592
"Jász-Plasztik Autócentrum - Fót",/partner/jasz-plasztik_autocentrum_-_fot-9410
"Jegesi Zsolt",/partner/jegesi_zsolt-19223
"Jet Fun Kft.",/partner/jet_fun_kft-15212
"Jet Power Hungary Kft.",/partner/jet_power_hungary_kft-13474
"JG FINANCE Kft.",/partner/jg_finance_kft-16576
"JL Autó Érd",/partner/jl_auto_erd-11508
"JP Auto – Fót (Mercedes-Benz VAN)",/partner/jp_auto_-_fot_mercedes-benz_van-13492
"JP Auto – Fót (Mercedes-Benz, Kia)",/partner/jp_auto_-_fot_mercedes-benz_kia-9411
"JPN Service Kft.",/partner/jpn_service_kft-17100
"Judge Mobil Kft.",/partner/judge_mobil_kft-15785
"Jum-Car Kft.",/partner/jum-car_kft-8877
"Just The Money",/partner/just_the_money-15978
"Kállay Autó",/partner/kallay_auto-12092
"Kaluz Autókereskedés Kft.",/partner/kaluz_autokereskedes_kft-16349
"Kanalas Tamás (Dány)",/partner/kanalas_tamas_dany-19502
"KARÁCSONY TIBOR E.V.",/partner/karacsony_tibor_ev-20295
"Karmex Autókereskedelmi és Szolgáltató Kft",/partner/karmex_autokereskedelmi_es_szolgaltato_kft-18600
"Karzol Autó Kft.",/partner/karzol_auto_kft-13494
"Kat King Car Kft",/partner/kat_king_car_kft-20078
"Katalin Car Kft.",/partner/katalin_car_kft-19011
"Katlan Car Kft.",/partner/katlan_car_kft-19720
"Kia Zakar Cegléd",/partner/kia_zakar_cegled-2519
"KIMI Autóház Kft.",/partner/kimi_autohaz_kft-18149
"Kiss Autó",/partner/kiss_auto-18
"Kisvagány Bt.",/partner/kisvagany_bt-2688
"Kobela Autóudvar",/partner/kobela_autoudvar-816
"Kóczián Autó",/partner/koczian_auto-13315
"Kohl Gábor E.V.",/partner/kohl_gabor_ev-18865
"KOLLÁRIK AUTÓ",/partner/kollarik_auto-19898
"Kolompár László",/partner/kolompar_laszlo-19992
"KoNor Auto",/partner/konor_auto-18782
Kotrogep.hu,/partner/kotrogephu-20262
"Kovács István E.V.",/partner/kovacs_istvan_ev-20192
"KPCar Kft.",/partner/kpcar_kft-19360
"KPR-Automotive Kft.",/partner/kpr-automotive_kft-11829
Kretzlermoto,/partner/kretzlermoto-3366
Kriszmoto,/partner/kriszmoto-2159
"Krone Trailer SE Kft.",/partner/krone_trailer_se_kft-10021
"Lakatos Rajmond",/partner/lakatos_rajmond-17552
"Lakihegy 2000 Truck",/partner/lakihegy_2000_truck-7197
"Lakos Autó",/partner/lakos_auto-209
"Leéb Róbert",/partner/leeb_robert-20304
"Lehoczki Építőipari Kft.",/partner/lehoczki_epitoipari_kft-19851
"Les Ildzsas",/partner/les_ildzsas-16955
"Levendula Autó Udvar",/partner/levendula_auto_udvar-2036
"Life Fleet Kft.",/partner/life_fleet_kft-17759
"LM CARS&MOTORS Kft.",/partner/lm_carsmotors_kft-18003
Lőczi,/partner/loczi-20270
"Lőrinci Autópark",/partner/lorinci_autopark-6279
"LT Auto Kft.",/partner/lt_auto_kft-16325
"Lukács és Tamás Kft.",/partner/lukacs_es_tamas_kft-7664
"Lukács és Tamás Kft.",/partner/lukacs_es_tamas_kft-11761
"M3 autók",/partner/m3_autok-13756
"M5 Autoudvar",/partner/m5_autoudvar-18148
Magabo,/partner/magabo-15509
"Magnum Marine",/partner/magnum_marine-16101
"MAN Kft.",/partner/man_kft-15222
Manly,/partner/manly-17180
"Marina Operator Kft.",/partner/marina_operator_kft-19596
"Mazda Zakar Cegléd",/partner/mazda_zakar_cegled-2407
"MB Frühwirth Kft.",/partner/mb_fruhwirth_kft-19426
"Mea autókereskedés",/partner/mea_autokereskedes-19857
"Mega-Pro Hungary Kft.",/partner/mega-pro_hungary_kft-3877
Megabontó,/partner/megabonto-13609
"Mercedes-Benz Hovány Budaörs",/partner/mercedes-benz_hovany_budaors-15662
"Mészáros M1 Mobilitás Center Kft.",/partner/meszaros_m1_mobilitas_center_kft-16273
"MG Gablini",/partner/mg_gablini-19807
"MHCS-Car Kft.",/partner/mhcs-car_kft-18868
"Mikont Trade Kft.",/partner/mikont_trade_kft-14617
"Milano Sunset 1910 Kft.",/partner/milano_sunset_1910_kft-17703
"MILCAR Kft.",/partner/milcar_kft-19192
"Minőségi Használt Opelek",/partner/minosegi_hasznalt_opelek-12374
"Miscanthus Line Kft.",/partner/miscanthus_line_kft-19032
"Mixemautó Kft.",/partner/mixemauto_kft-13683
"Mixy-Beton Kft",/partner/mixy-beton_kft-15237
MLV-CAR,/partner/mlv-car-16675
MongiCars,/partner/mongicars-18384
MotoPro,/partner/motopro-20145
"Motoprof Cegléd",/partner/motoprof_cegled-9844
"Motorbest Kft.",/partner/motorbest_kft-19281
"Motorcenter 2005",/partner/motorcenter_2005-10889
"Motorcenter 2005 Kft.",/partner/motorcenter_2005_kft-5122
"Műszaki Szaki Autókereskedés",/partner/muszaki_szaki_autokereskedes-7065
"N2 Autópark",/partner/n2_autopark-18094
"Nagy Krisztián",/partner/nagy_krisztian-11994
"Nagykáta Autókereskedés",/partner/nagykata_autokereskedes-271
"Navik Integra Kft",/partner/navik_integra_kft-19092
"NDH Europa Invest Kft.",/partner/ndh_europa_invest_kft-17758
"Need Cars Kft.",/partner/need_cars_kft-10678
"Németh István",/partner/nemeth_istvan-19675
"Németh-Autó Kft.",/partner/nemeth-auto_kft-17881
"Nex-T Car Kft.",/partner/nex-t_car_kft-3072
Nextgencar,/partner/nextgencar-19416
NGEV,/partner/ngev-18174
"Nissan Solymár(Solymár-Szalay Kft.)",/partner/nissan_solymarsolymar-szalay_kft-17147
"No-Limit 98 Kft.",/partner/no-limit_98_kft-18510
Noirmatik,/partner/noirmatik-16280
"Nomi Food Kft.",/partner/nomi_food_kft-19591
"Nope Service Kft.",/partner/nope_service_kft-20238
"Nyitrai Zoltán",/partner/nyitrai_zoltan-17930
"O'H Aire Kft.",/partner/oh_aire_kft-20276
"Octo-Car Kft.",/partner/octo-car_kft-19052
Oldtimerbusiness,/partner/oldtimerbusiness-19740
"Omega Auto Center Kft.",/partner/omega_auto_center_kft-5389
"OPAL CAR Kft",/partner/opal_car_kft-18286
"Opel Fábián Budaörs",/partner/opel_fabian_budaors-938
"Opel Fábián Budaörs",/partner/opel_fabian_budaors-14321
"Opel Gyulai Cegléd",/partner/opel_gyulai_cegled-2605
"Opel Sziget",/partner/opel_sziget-14127
"Opticar Kft",/partner/opticar_kft-100
"Oscar66auto Kft.",/partner/oscar66auto_kft-12860
Oxicar,/partner/oxicar-18407
"P.A.P. Kft",/partner/pap_kft-17433
"Pallag Cars",/partner/pallag_cars-16196
"Palyov Anikó",/partner/palyov_aniko-20245
"Pannon Szerviz Plusz Kft.",/partner/pannon_szerviz_plusz_kft-19688
"Papp Autó Kft.",/partner/papp_auto_kft-9252
"Passion Car Kft.",/partner/passion_car_kft-11663
"Patent-Zone Kft.",/partner/patent-zone_kft-18225
"Patrik E.V.",/partner/patrik_ev-20095
"Pe-Ge Trans Kft.",/partner/pe-ge_trans_kft-6957
Petiauto.hu,/partner/petiautohu-206
"Petit Forestier Magyarország",/partner/petit_forestier_magyarorszag-20076
"Peugeot Fábián Budaörs",/partner/peugeot_fabian_budaors-19273
"Peugeot, Hyundai Pé-Ta Kft.",/partner/peugeot_hyundai_pe-ta_kft-1560
"Pilisrent Utánfutók, Trélerek, Bérautók",/partner/pilisrent_utanfutok_trelerek_berautok-14972
"Platinum Consulting Partner Kft.",/partner/platinum_consulting_partner_kft-19853
"PM Perpetuum Mobile Kft",/partner/pm_perpetuum_mobile_kft-7370
"PM Vác Peugeot Ford",/partner/pm_vac_peugeot_ford-17914
"Pöcc Röff Bt.",/partner/pocc_roff_bt-16608
"POLISH-CAR Kft.",/partner/polish-car_kft-16493
"POLLTOM BMW Szakszervíz",/partner/polltom_bmw_szakszerviz-20306
"Pomáz Autó",/partner/pomaz_auto-15279
"Povázsai Csaba E.V.",/partner/povazsai_csaba_ev-17333
"Preformo Kft.",/partner/preformo_kft-15721
"Preisz Autópark Kft.",/partner/preisz_autopark_kft-11645
PremierAuto,/partner/premierauto-9550
"Prémium Line Kft.",/partner/premium_line_kft-14515
"Premium Rent Car",/partner/premium_rent_car-17600
"Prime Car Trader Kft.",/partner/prime_car_trader_kft-14112
"PT Prémium Car",/partner/pt_premium_car-18509
"Quad Bázis Team Kft.",/partner/quad_bazis_team_kft-20151
Quadcentrum,/partner/quadcentrum-12639
Quadcentrum,/partner/quadcentrum-14657
"Rack Autó Budaörs",/partner/rack_auto_budaors-83
"Rack Auto Mini",/partner/rack_auto_mini-17537
"Rack Autó Szalonautó",/partner/rack_auto_szalonauto-6540
"Rácz Krisztina",/partner/racz_krisztina-19140
"RAFIX Autókereskedelmi Kft.",/partner/rafix_autokereskedelmi_kft-17459
"RC Kft.",/partner/rc_kft-13130
"Real Car Company Kft",/partner/real_car_company_kft-19435
"Red Baron",/partner/red_baron-6834
"Réder ART Kft.",/partner/reder_art_kft-16715
"Rekord Kft.",/partner/rekord_kft-20210
"Renault Békési",/partner/renault_bekesi-2451
"Renault Békési Gödöllő",/partner/renault_bekesi_godollo-286
"Renault Cegléd",/partner/renault_cegled-8716
"Renault ST-Mobile",/partner/renault_st-mobile-494
"RENAULT Tamás Autó Kft.",/partner/renault_tamas_auto_kft-2399
"Renault Tamás Autó Vác",/partner/renault_tamas_auto_vac-213
"Renault-Dacia Fábián Budaörs",/partner/renault-dacia_fabian_budaors-19167
"RETRO-Line Car",/partner/retro-line_car-10689
"Revion Fleet",/partner/revion_fleet-20100
"RMC Motor",/partner/rmc_motor-9114
Robicar,/partner/robicar-19949
"Roboti-Auto Kft.",/partner/roboti-auto_kft-9664
"Rock-Mobile Kft.",/partner/rock-mobile_kft-19656
"Rollcar Credit Kft.",/partner/rollcar_credit_kft-376
"RS Performance Team Kft.",/partner/rs_performance_team_kft-17818
"SADE AUTÓ",/partner/sade_auto-18178
"SANDI-KER Kft.",/partner/sandi-ker_kft-20091
"Scania Hungária Kft. - Biatorbágy",/partner/scania_hungaria_kft_-_biatorbagy-367
"Sec-Benz Autókereskedés",/partner/sec-benz_autokereskedes-16162
"SEL-LUX Hungary",/partner/sel-lux_hungary-19569
"SF Car Company",/partner/sf_car_company-18389
"Siba Car Kft.",/partner/siba_car_kft-19402
"Skoda Patócs Autóház Kft.",/partner/skoda_patocs_autohaz_kft-79
"Skull Cars Kft.",/partner/skull_cars_kft-19661
"Smart Tehergépkocsi Kft.",/partner/smart_tehergepkocsi_kft-19905
"Sonny Car Kft",/partner/sonny_car_kft-11052
"SpecAuto Kft.",/partner/specauto_kft-17550
"Spring Cars",/partner/spring_cars-19028
Standauto,/partner/standauto-679
"Star Line Autó",/partner/star_line_auto-19771
Supertyre,/partner/supertyre-20170
"Suplimum Bt.",/partner/suplimum_bt-19883
"Suzuki Szeleczky Új",/partner/suzuki_szeleczky_uj-6938
"Suzuki Világ",/partner/suzuki_vilag-2655
"Szabó Zsolt (Ócsa)",/partner/szabo_zsolt_ocsa-19855
"Szada Autopark",/partner/szada_autopark-19756
"Számbrizs Kft.",/partner/szambrizs_kft-18927
"Szasacar Zrt.",/partner/szasacar_zrt-16692
"Szatmári Transport Kft.",/partner/szatmari_transport_kft-19301
"Szavatol Kft",/partner/szavatol_kft-2681
"Szekeres Motor Kft.",/partner/szekeres_motor_kft-6830
"Szeleczky - SBA Car Fót",/partner/szeleczky_-_sba_car_fot-10309
Széll-Autó,/partner/szell-auto-130
"Sziget Autópark",/partner/sziget_autopark-5234
"SZIGETSZENTMIKLÓS VÁROS ÖNKORMÁNYZATA",/partner/szigetszentmiklos_varos_onkormanyzata-20250
"Szivárvány Autókert",/partner/szivarvany_autokert-15162
"Szuper Car Kft.",/partner/szuper_car_kft-14003
"T-Modell Group Kft",/partner/t-modell_group_kft-19877
"Tandem Plussz Kft.",/partner/tandem_plussz_kft-15567
"Tápióbicske Autókereskedés",/partner/tapiobicske_autokereskedes-1286
"Targonax Kft",/partner/targonax_kft-18320
"TecHr Invest Kft",/partner/techr_invest_kft-19947
"Teljeskörű Gépjármű Ügyintézés - Aradán János e.v.",/partner/teljeskoru_gepjarmu_ugyintezes_-_aradan_janos_ev-20283
"TERRA Hungária Kft.",/partner/terra_hungaria_kft-11742
"Tesztelek Maxim",/partner/tesztelek_maxim-19702
"THERMO ÉPGÉP Kft.",/partner/thermo_epgep_kft-18361
"Tiger-Autó Kft",/partner/tiger-auto_kft-20199
"Timár Vaskereskedelmi Kft.",/partner/timar_vaskereskedelmi_kft-19902
"Tokyo Auto",/partner/tokyo_auto-19048
"Top Autopark",/partner/top_autopark-13985
"Top Hibrid Cars",/partner/top_hibrid_cars-16435
"Tópark Cars",/partner/topark_cars-19185
"Torbágy-Kert Kft.",/partner/torbagy-kert_kft-18375
"Törött Autó Mogyoród",/partner/torott_auto_mogyorod-16908
"Total Max-on Kft.",/partner/total_max-on_kft-19487
"Toyota Kovács",/partner/toyota_kovacs-1969
"Toyota Kovács Monor",/partner/toyota_kovacs_monor-10364
"Toyota Mayer",/partner/toyota_mayer-7534
"Toyota Mayer Budakeszi",/partner/toyota_mayer_budakeszi-273
"Toyota Mayer Pilisvörösvár",/partner/toyota_mayer_pilisvorosvar-591
"Trailer Centrum Hungary Kft.",/partner/trailer_centrum_hungary_kft-15995
"Trailer Team Hungary",/partner/trailer_team_hungary-9980
"Trailermax Utánfutó és Alumíniumrámpa Ker. Kft",/partner/trailermax_utanfuto_es_aluminiumrampa_ker_kft-1981
"Tribeca Kft.",/partner/tribeca_kft-14216
"Triplex Targo",/partner/triplex_targo-19183
"Trolee Auto Kft.",/partner/trolee_auto_kft-17330
"Trskln Invest Kft.",/partner/trskln_invest_kft-20027
"TRT Europe Kft.",/partner/trt_europe_kft-16235
"Truck Force One Kft.",/partner/truck_force_one_kft-19988
"Tükörhegy Autó",/partner/tukorhegy_auto-19467
"Tuszinka Car Kft",/partner/tuszinka_car_kft-19177
"Ürömi Merci KFT.",/partner/uromi_merci_kft-19815
"Usa Cars and Parts Dunakeszi",/partner/usa_cars_and_parts_dunakeszi-19521
"Used2Car Kft.",/partner/used2car_kft-19125
V.G.AUTÓK,/partner/vgautok-16985
"Veresgép Kft.",/partner/veresgep_kft-16179
Veresifuto,/partner/veresifuto-16355
"Viking Car Box",/partner/viking_car_box-17263
"Volcar Kft.",/partner/volcar_kft-20209
"Volmer Truck",/partner/volmer_truck-14093
"Volvo Hungária Kft.",/partner/volvo_hungaria_kft-3684
"VONTAT6 Kft.",/partner/vontat6_kft-18901
"Vörösvári Transport Kft.",/partner/vorosvari_transport_kft-20248
"WeDo Technologies Kft.",/partner/wedo_technologies_kft-20004
"WeekendCenter Kft. /Használtautó/",/partner/weekendcenter_kft_hasznaltauto-11554
"WeekendCenter Kft. /Szalonautó/",/partner/weekendcenter_kft_szalonauto-11427
"Weiland Autó Kft.",/partner/weiland_auto_kft-151
"West TransConstruct",/partner/west_transconstruct-18935
"WhatsRent Kft.",/partner/whatsrent_kft-19270
"Wilu Kft.",/partner/wilu_kft-1544
"Wolf Autópark",/partner/wolf_autopark-15458
"Wolf Garage Kft.",/partner/wolf_garage_kft-18086
"Work Car",/partner/work_car-15791
YoungTimerCar,/partner/youngtimercar-18297
"Zakar Cegléd Isuzu",/partner/zakar_cegled_isuzu-10629
"Zakar Cegléd Ssangyong",/partner/zakar_cegled_ssangyong-10627
"Zakar Használtautó",/partner/zakar_hasznaltauto-456
"Zala-Truck Kft",/partner/zala-truck_kft-8193
"Zo-Ro Car Kft.",/partner/zo-ro_car_kft-6044
"Zolyomi Autó",/partner/zolyomi_auto-14649
"Zsolczai Autó",/partner/zsolczai_auto-1481
